CRITICAL - 2026-01-07 02:33:26 --> CodeIgniter\Database\Exceptions\DatabaseException: You must set the database table to be used with your query.
[Method: GET, Route: user]
in SYSTEMPATH\Database\BaseConnection.php on line 944.
 1 SYSTEMPATH\Model.php(713): CodeIgniter\Database\BaseConnection->table(null)
 2 SYSTEMPATH\Model.php(917): CodeIgniter\Model->builder()
 3 APPPATH\Controllers\User.php(22): CodeIgniter\Model->__call('user', [])
 4 SYSTEMPATH\CodeIgniter.php(933): App\Controllers\User->index()
 5 SYSTEMPATH\CodeIgniter.php(507): CodeIgniter\CodeIgniter->runController(Object(App\Controllers\User))
 6 SYSTEMPATH\CodeIgniter.php(354): CodeIgniter\CodeIgniter->handleRequest(null, Object(Config\Cache), false)
 7 SYSTEMPATH\Boot.php(363): CodeIgniter\CodeIgniter->run()
 8 SYSTEMPATH\Boot.php(68): CodeIgniter\Boot::runCodeIgniter(Object(CodeIgniter\CodeIgniter))
 9 FCPATH\index.php(59): CodeIgniter\Boot::bootWeb(Object(Config\Paths))
10 SYSTEMPATH\rewrite.php(44): require_once('I:\\My Drive\\mey\\ekskul\\public\\index.php')
CRITICAL - 2026-01-07 02:34:02 --> CodeIgniter\Database\Exceptions\DatabaseException: You must set the database table to be used with your query.
[Method: GET, Route: user]
in SYSTEMPATH\Database\BaseConnection.php on line 944.
 1 SYSTEMPATH\Model.php(713): CodeIgniter\Database\BaseConnection->table(null)
 2 SYSTEMPATH\Model.php(917): CodeIgniter\Model->builder()
 3 APPPATH\Controllers\User.php(22): CodeIgniter\Model->__call('user', [])
 4 SYSTEMPATH\CodeIgniter.php(933): App\Controllers\User->index()
 5 SYSTEMPATH\CodeIgniter.php(507): CodeIgniter\CodeIgniter->runController(Object(App\Controllers\User))
 6 SYSTEMPATH\CodeIgniter.php(354): CodeIgniter\CodeIgniter->handleRequest(null, Object(Config\Cache), false)
 7 SYSTEMPATH\Boot.php(363): CodeIgniter\CodeIgniter->run()
 8 SYSTEMPATH\Boot.php(68): CodeIgniter\Boot::runCodeIgniter(Object(CodeIgniter\CodeIgniter))
 9 FCPATH\index.php(59): CodeIgniter\Boot::bootWeb(Object(Config\Paths))
10 SYSTEMPATH\rewrite.php(44): require_once('I:\\My Drive\\mey\\ekskul\\public\\index.php')
CRITICAL - 2026-01-07 02:41:34 --> CodeIgniter\Database\Exceptions\DatabaseException: You must set the database table to be used with your query.
[Method: GET, Route: level]
in SYSTEMPATH\Database\BaseConnection.php on line 944.
 1 SYSTEMPATH\Model.php(713): CodeIgniter\Database\BaseConnection->table(null)
 2 SYSTEMPATH\Model.php(917): CodeIgniter\Model->builder()
 3 APPPATH\Controllers\Level.php(23): CodeIgniter\Model->__call('level', [])
 4 SYSTEMPATH\CodeIgniter.php(933): App\Controllers\Level->index()
 5 SYSTEMPATH\CodeIgniter.php(507): CodeIgniter\CodeIgniter->runController(Object(App\Controllers\Level))
 6 SYSTEMPATH\CodeIgniter.php(354): CodeIgniter\CodeIgniter->handleRequest(null, Object(Config\Cache), false)
 7 SYSTEMPATH\Boot.php(363): CodeIgniter\CodeIgniter->run()
 8 SYSTEMPATH\Boot.php(68): CodeIgniter\Boot::runCodeIgniter(Object(CodeIgniter\CodeIgniter))
 9 FCPATH\index.php(59): CodeIgniter\Boot::bootWeb(Object(Config\Paths))
10 SYSTEMPATH\rewrite.php(44): require_once('I:\\My Drive\\mey\\ekskul\\public\\index.php')
CRITICAL - 2026-01-07 02:47:36 --> ErrorException: Undefined variable $level
[Method: GET, Route: user/edit/1]
in APPPATH\Views\user\edituser.php on line 33.
 1 APPPATH\Views\user\edituser.php(33): CodeIgniter\Debug\Exceptions->errorHandler(2, 'Undefined variable $level', 'I:\\My Drive\\mey\\ekskul\\app\\Views\\user\\edituser.php', 33)
 2 SYSTEMPATH\View\View.php(226): include('I:\\My Drive\\mey\\ekskul\\app\\Views\\user\\edituser.php')
 3 SYSTEMPATH\View\View.php(229): CodeIgniter\View\View->CodeIgniter\View\{closure}()
 4 SYSTEMPATH\Common.php(1199): CodeIgniter\View\View->render('/user/edituser', [], true)
 5 APPPATH\Controllers\User.php(49): view('/user/edituser', [...])
 6 SYSTEMPATH\CodeIgniter.php(933): App\Controllers\User->edit('1')
 7 SYSTEMPATH\CodeIgniter.php(507): CodeIgniter\CodeIgniter->runController(Object(App\Controllers\User))
 8 SYSTEMPATH\CodeIgniter.php(354): CodeIgniter\CodeIgniter->handleRequest(null, Object(Config\Cache), false)
 9 SYSTEMPATH\Boot.php(363): CodeIgniter\CodeIgniter->run()
10 SYSTEMPATH\Boot.php(68): CodeIgniter\Boot::runCodeIgniter(Object(CodeIgniter\CodeIgniter))
11 FCPATH\index.php(59): CodeIgniter\Boot::bootWeb(Object(Config\Paths))
12 SYSTEMPATH\rewrite.php(44): require_once('I:\\My Drive\\mey\\ekskul\\public\\index.php')
CRITICAL - 2026-01-07 03:09:30 --> CodeIgniter\Database\Exceptions\DatabaseException: You must set the database table to be used with your query.
[Method: GET, Route: jurusan]
in SYSTEMPATH\Database\BaseConnection.php on line 944.
 1 SYSTEMPATH\Model.php(713): CodeIgniter\Database\BaseConnection->table(null)
 2 SYSTEMPATH\Model.php(917): CodeIgniter\Model->builder()
 3 APPPATH\Controllers\Jurusan.php(24): CodeIgniter\Model->__call('jurusan', [])
 4 SYSTEMPATH\CodeIgniter.php(933): App\Controllers\Jurusan->index()
 5 SYSTEMPATH\CodeIgniter.php(507): CodeIgniter\CodeIgniter->runController(Object(App\Controllers\Jurusan))
 6 SYSTEMPATH\CodeIgniter.php(354): CodeIgniter\CodeIgniter->handleRequest(null, Object(Config\Cache), false)
 7 SYSTEMPATH\Boot.php(363): CodeIgniter\CodeIgniter->run()
 8 SYSTEMPATH\Boot.php(68): CodeIgniter\Boot::runCodeIgniter(Object(CodeIgniter\CodeIgniter))
 9 FCPATH\index.php(59): CodeIgniter\Boot::bootWeb(Object(Config\Paths))
10 SYSTEMPATH\rewrite.php(44): require_once('I:\\My Drive\\mey\\ekskul\\public\\index.php')
CRITICAL - 2026-01-07 06:11:49 --> CodeIgniter\Database\Exceptions\DatabaseException: You must set the database table to be used with your query.
[Method: GET, Route: siswa]
in SYSTEMPATH\Database\BaseConnection.php on line 944.
 1 SYSTEMPATH\Model.php(713): CodeIgniter\Database\BaseConnection->table(null)
 2 SYSTEMPATH\Model.php(917): CodeIgniter\Model->builder()
 3 APPPATH\Controllers\Siswa.php(25): CodeIgniter\Model->__call('siswa', [])
 4 SYSTEMPATH\CodeIgniter.php(933): App\Controllers\Siswa->index()
 5 SYSTEMPATH\CodeIgniter.php(507): CodeIgniter\CodeIgniter->runController(Object(App\Controllers\Siswa))
 6 SYSTEMPATH\CodeIgniter.php(354): CodeIgniter\CodeIgniter->handleRequest(null, Object(Config\Cache), false)
 7 SYSTEMPATH\Boot.php(363): CodeIgniter\CodeIgniter->run()
 8 SYSTEMPATH\Boot.php(68): CodeIgniter\Boot::runCodeIgniter(Object(CodeIgniter\CodeIgniter))
 9 FCPATH\index.php(59): CodeIgniter\Boot::bootWeb(Object(Config\Paths))
10 SYSTEMPATH\rewrite.php(44): require_once('I:\\My Drive\\mey\\ekskul\\public\\index.php')
ERROR - 2026-01-07 06:19:07 --> mysqli_sql_exception: Unknown column 'user.id_rombel' in 'on clause' in I:\My Drive\mey\ekskul\system\Database\MySQLi\Connection.php:327
Stack trace:
#0 I:\My Drive\mey\ekskul\system\Database\MySQLi\Connection.php(327): mysqli->query('SELECT *\nFROM `...', 0)
#1 I:\My Drive\mey\ekskul\system\Database\BaseConnection.php(729): CodeIgniter\Database\MySQLi\Connection->execute('SELECT *\nFROM `...')
#2 I:\My Drive\mey\ekskul\system\Database\BaseConnection.php(646): CodeIgniter\Database\BaseConnection->simpleQuery('SELECT *\nFROM `...')
#3 I:\My Drive\mey\ekskul\system\Database\BaseBuilder.php(1649): CodeIgniter\Database\BaseConnection->query('SELECT *\nFROM `...', Array, false)
#4 I:\My Drive\mey\ekskul\app\Models\M_ekskul.php(54): CodeIgniter\Database\BaseBuilder->get()
#5 I:\My Drive\mey\ekskul\app\Controllers\Siswa.php(25): App\Models\M_ekskul->siswa()
#6 I:\My Drive\mey\ekskul\system\CodeIgniter.php(933): App\Controllers\Siswa->index()
#7 I:\My Drive\mey\ekskul\system\CodeIgniter.php(507): CodeIgniter\CodeIgniter->runController(Object(App\Controllers\Siswa))
#8 I:\My Drive\mey\ekskul\system\CodeIgniter.php(354): CodeIgniter\CodeIgniter->handleRequest(NULL, Object(Config\Cache), false)
#9 I:\My Drive\mey\ekskul\system\Boot.php(363): CodeIgniter\CodeIgniter->run()
#10 I:\My Drive\mey\ekskul\system\Boot.php(68): CodeIgniter\Boot::runCodeIgniter(Object(CodeIgniter\CodeIgniter))
#11 I:\My Drive\mey\ekskul\public\index.php(59): CodeIgniter\Boot::bootWeb(Object(Config\Paths))
#12 I:\My Drive\mey\ekskul\system\rewrite.php(44): require_once('I:\\My Drive\\mey...')
#13 {main}
CRITICAL - 2026-01-07 06:19:07 --> CodeIgniter\Database\Exceptions\DatabaseException: Unknown column 'user.id_rombel' in 'on clause'
[Method: GET, Route: siswa]
in SYSTEMPATH\Database\BaseConnection.php on line 684.
 1 SYSTEMPATH\Database\BaseBuilder.php(1649): CodeIgniter\Database\BaseConnection->query('SELECT *
FROM `siswa`
JOIN `user` ON `siswa`.`id_user`=`user`.`id_user`
JOIN `rombel` ON `user`.`id_rombel`=`rombel`.`id_rombel`', [], false)
 2 APPPATH\Models\M_ekskul.php(54): CodeIgniter\Database\BaseBuilder->get()
 3 APPPATH\Controllers\Siswa.php(25): App\Models\M_ekskul->siswa()
 4 SYSTEMPATH\CodeIgniter.php(933): App\Controllers\Siswa->index()
 5 SYSTEMPATH\CodeIgniter.php(507): CodeIgniter\CodeIgniter->runController(Object(App\Controllers\Siswa))
 6 SYSTEMPATH\CodeIgniter.php(354): CodeIgniter\CodeIgniter->handleRequest(null, Object(Config\Cache), false)
 7 SYSTEMPATH\Boot.php(363): CodeIgniter\CodeIgniter->run()
 8 SYSTEMPATH\Boot.php(68): CodeIgniter\Boot::runCodeIgniter(Object(CodeIgniter\CodeIgniter))
 9 FCPATH\index.php(59): CodeIgniter\Boot::bootWeb(Object(Config\Paths))
10 SYSTEMPATH\rewrite.php(44): require_once('I:\\My Drive\\mey\\ekskul\\public\\index.php')
CRITICAL - 2026-01-07 06:19:07 --> [Caused by] CodeIgniter\Database\Exceptions\DatabaseException: Unknown column 'user.id_rombel' in 'on clause'
in SYSTEMPATH\Database\MySQLi\Connection.php on line 332.
 1 SYSTEMPATH\Database\BaseConnection.php(729): CodeIgniter\Database\MySQLi\Connection->execute('SELECT *
FROM `siswa`
JOIN `user` ON `siswa`.`id_user`=`user`.`id_user`
JOIN `rombel` ON `user`.`id_rombel`=`rombel`.`id_rombel`')
 2 SYSTEMPATH\Database\BaseConnection.php(646): CodeIgniter\Database\BaseConnection->simpleQuery('SELECT *
FROM `siswa`
JOIN `user` ON `siswa`.`id_user`=`user`.`id_user`
JOIN `rombel` ON `user`.`id_rombel`=`rombel`.`id_rombel`')
 3 SYSTEMPATH\Database\BaseBuilder.php(1649): CodeIgniter\Database\BaseConnection->query('SELECT *
FROM `siswa`
JOIN `user` ON `siswa`.`id_user`=`user`.`id_user`
JOIN `rombel` ON `user`.`id_rombel`=`rombel`.`id_rombel`', [], false)
 4 APPPATH\Models\M_ekskul.php(54): CodeIgniter\Database\BaseBuilder->get()
 5 APPPATH\Controllers\Siswa.php(25): App\Models\M_ekskul->siswa()
 6 SYSTEMPATH\CodeIgniter.php(933): App\Controllers\Siswa->index()
 7 SYSTEMPATH\CodeIgniter.php(507): CodeIgniter\CodeIgniter->runController(Object(App\Controllers\Siswa))
 8 SYSTEMPATH\CodeIgniter.php(354): CodeIgniter\CodeIgniter->handleRequest(null, Object(Config\Cache), false)
 9 SYSTEMPATH\Boot.php(363): CodeIgniter\CodeIgniter->run()
10 SYSTEMPATH\Boot.php(68): CodeIgniter\Boot::runCodeIgniter(Object(CodeIgniter\CodeIgniter))
11 FCPATH\index.php(59): CodeIgniter\Boot::bootWeb(Object(Config\Paths))
12 SYSTEMPATH\rewrite.php(44): require_once('I:\\My Drive\\mey\\ekskul\\public\\index.php')
CRITICAL - 2026-01-07 06:19:07 --> [Caused by] mysqli_sql_exception: Unknown column 'user.id_rombel' in 'on clause'
in SYSTEMPATH\Database\MySQLi\Connection.php on line 327.
 1 SYSTEMPATH\Database\MySQLi\Connection.php(327): mysqli->query('SELECT *
FROM `siswa`
JOIN `user` ON `siswa`.`id_user`=`user`.`id_user`
JOIN `rombel` ON `user`.`id_rombel`=`rombel`.`id_rombel`', 0)
 2 SYSTEMPATH\Database\BaseConnection.php(729): CodeIgniter\Database\MySQLi\Connection->execute('SELECT *
FROM `siswa`
JOIN `user` ON `siswa`.`id_user`=`user`.`id_user`
JOIN `rombel` ON `user`.`id_rombel`=`rombel`.`id_rombel`')
 3 SYSTEMPATH\Database\BaseConnection.php(646): CodeIgniter\Database\BaseConnection->simpleQuery('SELECT *
FROM `siswa`
JOIN `user` ON `siswa`.`id_user`=`user`.`id_user`
JOIN `rombel` ON `user`.`id_rombel`=`rombel`.`id_rombel`')
 4 SYSTEMPATH\Database\BaseBuilder.php(1649): CodeIgniter\Database\BaseConnection->query('SELECT *
FROM `siswa`
JOIN `user` ON `siswa`.`id_user`=`user`.`id_user`
JOIN `rombel` ON `user`.`id_rombel`=`rombel`.`id_rombel`', [], false)
 5 APPPATH\Models\M_ekskul.php(54): CodeIgniter\Database\BaseBuilder->get()
 6 APPPATH\Controllers\Siswa.php(25): App\Models\M_ekskul->siswa()
 7 SYSTEMPATH\CodeIgniter.php(933): App\Controllers\Siswa->index()
 8 SYSTEMPATH\CodeIgniter.php(507): CodeIgniter\CodeIgniter->runController(Object(App\Controllers\Siswa))
 9 SYSTEMPATH\CodeIgniter.php(354): CodeIgniter\CodeIgniter->handleRequest(null, Object(Config\Cache), false)
10 SYSTEMPATH\Boot.php(363): CodeIgniter\CodeIgniter->run()
11 SYSTEMPATH\Boot.php(68): CodeIgniter\Boot::runCodeIgniter(Object(CodeIgniter\CodeIgniter))
12 FCPATH\index.php(59): CodeIgniter\Boot::bootWeb(Object(Config\Paths))
13 SYSTEMPATH\rewrite.php(44): require_once('I:\\My Drive\\mey\\ekskul\\public\\index.php')
CRITICAL - 2026-01-07 06:23:01 --> Error: Class "App\Controllers\Olimpiade\BaseController" not found
[Method: GET, Route: rombel]
in APPPATH\Controllers\Rombel.php on line 7.
 1 SYSTEMPATH\Autoloader\Autoloader.php(315): include_once()
 2 SYSTEMPATH\Autoloader\Autoloader.php(295): CodeIgniter\Autoloader\Autoloader->includeFile('I:\\My Drive\\mey\\ekskul\\app\\Controllers\\Rombel.php')
 3 SYSTEMPATH\Autoloader\Autoloader.php(271): CodeIgniter\Autoloader\Autoloader->loadInNamespace('App\\Controllers\\Rombel')
 4 [internal function]: CodeIgniter\Autoloader\Autoloader->loadClass('App\\Controllers\\Rombel')
 5 SYSTEMPATH\CodeIgniter.php(885): class_exists('\\App\\Controllers\\Rombel', true)
 6 SYSTEMPATH\CodeIgniter.php(494): CodeIgniter\CodeIgniter->startController()
 7 SYSTEMPATH\CodeIgniter.php(354): CodeIgniter\CodeIgniter->handleRequest(null, Object(Config\Cache), false)
 8 SYSTEMPATH\Boot.php(363): CodeIgniter\CodeIgniter->run()
 9 SYSTEMPATH\Boot.php(68): CodeIgniter\Boot::runCodeIgniter(Object(CodeIgniter\CodeIgniter))
10 FCPATH\index.php(59): CodeIgniter\Boot::bootWeb(Object(Config\Paths))
11 SYSTEMPATH\rewrite.php(44): require_once('I:\\My Drive\\mey\\ekskul\\public\\index.php')
CRITICAL - 2026-01-07 06:35:03 --> ErrorException: Undefined property: stdClass::$nama_guru
[Method: GET, Route: rombel/input]
in APPPATH\Views\rombel\inputrombel.php on line 11.
 1 APPPATH\Views\rombel\inputrombel.php(11): CodeIgniter\Debug\Exceptions->errorHandler(2, 'Undefined property: stdClass::$nama_guru', 'I:\\My Drive\\mey\\ekskul\\app\\Views\\rombel\\inputrombel.php', 11)
 2 SYSTEMPATH\View\View.php(226): include('I:\\My Drive\\mey\\ekskul\\app\\Views\\rombel\\inputrombel.php')
 3 SYSTEMPATH\View\View.php(229): CodeIgniter\View\View->CodeIgniter\View\{closure}()
 4 SYSTEMPATH\Common.php(1199): CodeIgniter\View\View->render('/rombel/inputrombel', [], true)
 5 APPPATH\Controllers\Rombel.php(105): view('/rombel/inputrombel', [...])
 6 SYSTEMPATH\CodeIgniter.php(933): App\Controllers\Rombel->input()
 7 SYSTEMPATH\CodeIgniter.php(507): CodeIgniter\CodeIgniter->runController(Object(App\Controllers\Rombel))
 8 SYSTEMPATH\CodeIgniter.php(354): CodeIgniter\CodeIgniter->handleRequest(null, Object(Config\Cache), false)
 9 SYSTEMPATH\Boot.php(363): CodeIgniter\CodeIgniter->run()
10 SYSTEMPATH\Boot.php(68): CodeIgniter\Boot::runCodeIgniter(Object(CodeIgniter\CodeIgniter))
11 FCPATH\index.php(59): CodeIgniter\Boot::bootWeb(Object(Config\Paths))
12 SYSTEMPATH\rewrite.php(44): require_once('I:\\My Drive\\mey\\ekskul\\public\\index.php')
CRITICAL - 2026-01-07 06:36:00 --> Error: Cannot use object of type stdClass as array
[Method: GET, Route: rombel/input]
in APPPATH\Views\rombel\inputrombel.php on line 11.
 1 SYSTEMPATH\View\View.php(226): include()
 2 SYSTEMPATH\View\View.php(229): CodeIgniter\View\View->CodeIgniter\View\{closure}()
 3 SYSTEMPATH\Common.php(1199): CodeIgniter\View\View->render('/rombel/inputrombel', [], true)
 4 APPPATH\Controllers\Rombel.php(105): view('/rombel/inputrombel', [...])
 5 SYSTEMPATH\CodeIgniter.php(933): App\Controllers\Rombel->input()
 6 SYSTEMPATH\CodeIgniter.php(507): CodeIgniter\CodeIgniter->runController(Object(App\Controllers\Rombel))
 7 SYSTEMPATH\CodeIgniter.php(354): CodeIgniter\CodeIgniter->handleRequest(null, Object(Config\Cache), false)
 8 SYSTEMPATH\Boot.php(363): CodeIgniter\CodeIgniter->run()
 9 SYSTEMPATH\Boot.php(68): CodeIgniter\Boot::runCodeIgniter(Object(CodeIgniter\CodeIgniter))
10 FCPATH\index.php(59): CodeIgniter\Boot::bootWeb(Object(Config\Paths))
11 SYSTEMPATH\rewrite.php(44): require_once('I:\\My Drive\\mey\\ekskul\\public\\index.php')
CRITICAL - 2026-01-07 06:36:48 --> Error: Cannot use object of type stdClass as array
[Method: GET, Route: rombel/input]
in APPPATH\Views\rombel\inputrombel.php on line 11.
 1 SYSTEMPATH\View\View.php(226): include()
 2 SYSTEMPATH\View\View.php(229): CodeIgniter\View\View->CodeIgniter\View\{closure}()
 3 SYSTEMPATH\Common.php(1199): CodeIgniter\View\View->render('/rombel/inputrombel', [], true)
 4 APPPATH\Controllers\Rombel.php(105): view('/rombel/inputrombel', [...])
 5 SYSTEMPATH\CodeIgniter.php(933): App\Controllers\Rombel->input()
 6 SYSTEMPATH\CodeIgniter.php(507): CodeIgniter\CodeIgniter->runController(Object(App\Controllers\Rombel))
 7 SYSTEMPATH\CodeIgniter.php(354): CodeIgniter\CodeIgniter->handleRequest(null, Object(Config\Cache), false)
 8 SYSTEMPATH\Boot.php(363): CodeIgniter\CodeIgniter->run()
 9 SYSTEMPATH\Boot.php(68): CodeIgniter\Boot::runCodeIgniter(Object(CodeIgniter\CodeIgniter))
10 FCPATH\index.php(59): CodeIgniter\Boot::bootWeb(Object(Config\Paths))
11 SYSTEMPATH\rewrite.php(44): require_once('I:\\My Drive\\mey\\ekskul\\public\\index.php')
CRITICAL - 2026-01-07 06:37:25 --> ErrorException: Undefined property: stdClass::$nama_guru
[Method: GET, Route: rombel/input]
in APPPATH\Views\rombel\inputrombel.php on line 11.
 1 APPPATH\Views\rombel\inputrombel.php(11): CodeIgniter\Debug\Exceptions->errorHandler(2, 'Undefined property: stdClass::$nama_guru', 'I:\\My Drive\\mey\\ekskul\\app\\Views\\rombel\\inputrombel.php', 11)
 2 SYSTEMPATH\View\View.php(226): include('I:\\My Drive\\mey\\ekskul\\app\\Views\\rombel\\inputrombel.php')
 3 SYSTEMPATH\View\View.php(229): CodeIgniter\View\View->CodeIgniter\View\{closure}()
 4 SYSTEMPATH\Common.php(1199): CodeIgniter\View\View->render('/rombel/inputrombel', [], true)
 5 APPPATH\Controllers\Rombel.php(105): view('/rombel/inputrombel', [...])
 6 SYSTEMPATH\CodeIgniter.php(933): App\Controllers\Rombel->input()
 7 SYSTEMPATH\CodeIgniter.php(507): CodeIgniter\CodeIgniter->runController(Object(App\Controllers\Rombel))
 8 SYSTEMPATH\CodeIgniter.php(354): CodeIgniter\CodeIgniter->handleRequest(null, Object(Config\Cache), false)
 9 SYSTEMPATH\Boot.php(363): CodeIgniter\CodeIgniter->run()
10 SYSTEMPATH\Boot.php(68): CodeIgniter\Boot::runCodeIgniter(Object(CodeIgniter\CodeIgniter))
11 FCPATH\index.php(59): CodeIgniter\Boot::bootWeb(Object(Config\Paths))
12 SYSTEMPATH\rewrite.php(44): require_once('I:\\My Drive\\mey\\ekskul\\public\\index.php')
CRITICAL - 2026-01-07 06:37:57 --> ErrorException: Undefined property: stdClass::$nama_guru
[Method: GET, Route: rombel/input]
in APPPATH\Views\rombel\inputrombel.php on line 14.
 1 APPPATH\Views\rombel\inputrombel.php(14): CodeIgniter\Debug\Exceptions->errorHandler(2, 'Undefined property: stdClass::$nama_guru', 'I:\\My Drive\\mey\\ekskul\\app\\Views\\rombel\\inputrombel.php', 14)
 2 SYSTEMPATH\View\View.php(226): include('I:\\My Drive\\mey\\ekskul\\app\\Views\\rombel\\inputrombel.php')
 3 SYSTEMPATH\View\View.php(229): CodeIgniter\View\View->CodeIgniter\View\{closure}()
 4 SYSTEMPATH\Common.php(1199): CodeIgniter\View\View->render('/rombel/inputrombel', [], true)
 5 APPPATH\Controllers\Rombel.php(105): view('/rombel/inputrombel', [...])
 6 SYSTEMPATH\CodeIgniter.php(933): App\Controllers\Rombel->input()
 7 SYSTEMPATH\CodeIgniter.php(507): CodeIgniter\CodeIgniter->runController(Object(App\Controllers\Rombel))
 8 SYSTEMPATH\CodeIgniter.php(354): CodeIgniter\CodeIgniter->handleRequest(null, Object(Config\Cache), false)
 9 SYSTEMPATH\Boot.php(363): CodeIgniter\CodeIgniter->run()
10 SYSTEMPATH\Boot.php(68): CodeIgniter\Boot::runCodeIgniter(Object(CodeIgniter\CodeIgniter))
11 FCPATH\index.php(59): CodeIgniter\Boot::bootWeb(Object(Config\Paths))
12 SYSTEMPATH\rewrite.php(44): require_once('I:\\My Drive\\mey\\ekskul\\public\\index.php')
CRITICAL - 2026-01-07 06:38:37 --> ErrorException: Undefined property: stdClass::$tingkat
[Method: GET, Route: rombel/input]
in APPPATH\Views\rombel\inputrombel.php on line 24.
 1 APPPATH\Views\rombel\inputrombel.php(24): CodeIgniter\Debug\Exceptions->errorHandler(2, 'Undefined property: stdClass::$tingkat', 'I:\\My Drive\\mey\\ekskul\\app\\Views\\rombel\\inputrombel.php', 24)
 2 SYSTEMPATH\View\View.php(226): include('I:\\My Drive\\mey\\ekskul\\app\\Views\\rombel\\inputrombel.php')
 3 SYSTEMPATH\View\View.php(229): CodeIgniter\View\View->CodeIgniter\View\{closure}()
 4 SYSTEMPATH\Common.php(1199): CodeIgniter\View\View->render('/rombel/inputrombel', [], true)
 5 APPPATH\Controllers\Rombel.php(105): view('/rombel/inputrombel', [...])
 6 SYSTEMPATH\CodeIgniter.php(933): App\Controllers\Rombel->input()
 7 SYSTEMPATH\CodeIgniter.php(507): CodeIgniter\CodeIgniter->runController(Object(App\Controllers\Rombel))
 8 SYSTEMPATH\CodeIgniter.php(354): CodeIgniter\CodeIgniter->handleRequest(null, Object(Config\Cache), false)
 9 SYSTEMPATH\Boot.php(363): CodeIgniter\CodeIgniter->run()
10 SYSTEMPATH\Boot.php(68): CodeIgniter\Boot::runCodeIgniter(Object(CodeIgniter\CodeIgniter))
11 FCPATH\index.php(59): CodeIgniter\Boot::bootWeb(Object(Config\Paths))
12 SYSTEMPATH\rewrite.php(44): require_once('I:\\My Drive\\mey\\ekskul\\public\\index.php')
CRITICAL - 2026-01-07 06:39:02 --> ErrorException: Undefined property: stdClass::$nama_guru
[Method: GET, Route: rombel]
in APPPATH\Views\rombel\rombel.php on line 43.
 1 APPPATH\Views\rombel\rombel.php(43): CodeIgniter\Debug\Exceptions->errorHandler(2, 'Undefined property: stdClass::$nama_guru', 'I:\\My Drive\\mey\\ekskul\\app\\Views\\rombel\\rombel.php', 43)
 2 SYSTEMPATH\View\View.php(226): include('I:\\My Drive\\mey\\ekskul\\app\\Views\\rombel\\rombel.php')
 3 SYSTEMPATH\View\View.php(229): CodeIgniter\View\View->CodeIgniter\View\{closure}()
 4 SYSTEMPATH\Common.php(1199): CodeIgniter\View\View->render('/rombel/rombel', [], true)
 5 APPPATH\Controllers\Rombel.php(31): view('/rombel/rombel', [...])
 6 SYSTEMPATH\CodeIgniter.php(933): App\Controllers\Rombel->index()
 7 SYSTEMPATH\CodeIgniter.php(507): CodeIgniter\CodeIgniter->runController(Object(App\Controllers\Rombel))
 8 SYSTEMPATH\CodeIgniter.php(354): CodeIgniter\CodeIgniter->handleRequest(null, Object(Config\Cache), false)
 9 SYSTEMPATH\Boot.php(363): CodeIgniter\CodeIgniter->run()
10 SYSTEMPATH\Boot.php(68): CodeIgniter\Boot::runCodeIgniter(Object(CodeIgniter\CodeIgniter))
11 FCPATH\index.php(59): CodeIgniter\Boot::bootWeb(Object(Config\Paths))
12 SYSTEMPATH\rewrite.php(44): require_once('I:\\My Drive\\mey\\ekskul\\public\\index.php')
CRITICAL - 2026-01-07 06:39:12 --> ErrorException: Undefined property: stdClass::$nama
[Method: GET, Route: rombel]
in APPPATH\Views\rombel\rombel.php on line 43.
 1 APPPATH\Views\rombel\rombel.php(43): CodeIgniter\Debug\Exceptions->errorHandler(2, 'Undefined property: stdClass::$nama', 'I:\\My Drive\\mey\\ekskul\\app\\Views\\rombel\\rombel.php', 43)
 2 SYSTEMPATH\View\View.php(226): include('I:\\My Drive\\mey\\ekskul\\app\\Views\\rombel\\rombel.php')
 3 SYSTEMPATH\View\View.php(229): CodeIgniter\View\View->CodeIgniter\View\{closure}()
 4 SYSTEMPATH\Common.php(1199): CodeIgniter\View\View->render('/rombel/rombel', [], true)
 5 APPPATH\Controllers\Rombel.php(31): view('/rombel/rombel', [...])
 6 SYSTEMPATH\CodeIgniter.php(933): App\Controllers\Rombel->index()
 7 SYSTEMPATH\CodeIgniter.php(507): CodeIgniter\CodeIgniter->runController(Object(App\Controllers\Rombel))
 8 SYSTEMPATH\CodeIgniter.php(354): CodeIgniter\CodeIgniter->handleRequest(null, Object(Config\Cache), false)
 9 SYSTEMPATH\Boot.php(363): CodeIgniter\CodeIgniter->run()
10 SYSTEMPATH\Boot.php(68): CodeIgniter\Boot::runCodeIgniter(Object(CodeIgniter\CodeIgniter))
11 FCPATH\index.php(59): CodeIgniter\Boot::bootWeb(Object(Config\Paths))
12 SYSTEMPATH\rewrite.php(44): require_once('I:\\My Drive\\mey\\ekskul\\public\\index.php')
ERROR - 2026-01-07 06:40:23 --> mysqli_sql_exception: Unknown column 'g.nama' in 'field list' in I:\My Drive\mey\ekskul\system\Database\MySQLi\Connection.php:327
Stack trace:
#0 I:\My Drive\mey\ekskul\system\Database\MySQLi\Connection.php(327): mysqli->query('SELECT `r`.*, `...', 0)
#1 I:\My Drive\mey\ekskul\system\Database\BaseConnection.php(729): CodeIgniter\Database\MySQLi\Connection->execute('SELECT `r`.*, `...')
#2 I:\My Drive\mey\ekskul\system\Database\BaseConnection.php(646): CodeIgniter\Database\BaseConnection->simpleQuery('SELECT `r`.*, `...')
#3 I:\My Drive\mey\ekskul\system\Database\BaseBuilder.php(1649): CodeIgniter\Database\BaseConnection->query('SELECT `r`.*, `...', Array, false)
#4 I:\My Drive\mey\ekskul\app\Models\M_ekskul.php(76): CodeIgniter\Database\BaseBuilder->get()
#5 I:\My Drive\mey\ekskul\app\Controllers\Rombel.php(22): App\Models\M_ekskul->rombel()
#6 I:\My Drive\mey\ekskul\system\CodeIgniter.php(933): App\Controllers\Rombel->index()
#7 I:\My Drive\mey\ekskul\system\CodeIgniter.php(507): CodeIgniter\CodeIgniter->runController(Object(App\Controllers\Rombel))
#8 I:\My Drive\mey\ekskul\system\CodeIgniter.php(354): CodeIgniter\CodeIgniter->handleRequest(NULL, Object(Config\Cache), false)
#9 I:\My Drive\mey\ekskul\system\Boot.php(363): CodeIgniter\CodeIgniter->run()
#10 I:\My Drive\mey\ekskul\system\Boot.php(68): CodeIgniter\Boot::runCodeIgniter(Object(CodeIgniter\CodeIgniter))
#11 I:\My Drive\mey\ekskul\public\index.php(59): CodeIgniter\Boot::bootWeb(Object(Config\Paths))
#12 I:\My Drive\mey\ekskul\system\rewrite.php(44): require_once('I:\\My Drive\\mey...')
#13 {main}
CRITICAL - 2026-01-07 06:40:23 --> CodeIgniter\Database\Exceptions\DatabaseException: Unknown column 'g.nama' in 'field list'
[Method: GET, Route: rombel]
in SYSTEMPATH\Database\BaseConnection.php on line 684.
 1 SYSTEMPATH\Database\BaseBuilder.php(1649): CodeIgniter\Database\BaseConnection->query('SELECT `r`.*, `g`.`id_guru`, `g`.`nama` AS `nama_guru`, `k`.`nama_kelas`, `j`.`nama_jurusan`
FROM `rombel` `r`
JOIN `guru` `g` ON `r`.`id_guru` = `g`.`id_guru`
JOIN `kelas` `k` ON `r`.`id_kelas` = `k`.`id_kelas`
JOIN `jurusan` `j` ON `r`.`id_jurusan` = `j`.`id_jurusan`', [], false)
 2 APPPATH\Models\M_ekskul.php(76): CodeIgniter\Database\BaseBuilder->get()
 3 APPPATH\Controllers\Rombel.php(22): App\Models\M_ekskul->rombel()
 4 SYSTEMPATH\CodeIgniter.php(933): App\Controllers\Rombel->index()
 5 SYSTEMPATH\CodeIgniter.php(507): CodeIgniter\CodeIgniter->runController(Object(App\Controllers\Rombel))
 6 SYSTEMPATH\CodeIgniter.php(354): CodeIgniter\CodeIgniter->handleRequest(null, Object(Config\Cache), false)
 7 SYSTEMPATH\Boot.php(363): CodeIgniter\CodeIgniter->run()
 8 SYSTEMPATH\Boot.php(68): CodeIgniter\Boot::runCodeIgniter(Object(CodeIgniter\CodeIgniter))
 9 FCPATH\index.php(59): CodeIgniter\Boot::bootWeb(Object(Config\Paths))
10 SYSTEMPATH\rewrite.php(44): require_once('I:\\My Drive\\mey\\ekskul\\public\\index.php')
CRITICAL - 2026-01-07 06:40:23 --> [Caused by] CodeIgniter\Database\Exceptions\DatabaseException: Unknown column 'g.nama' in 'field list'
in SYSTEMPATH\Database\MySQLi\Connection.php on line 332.
 1 SYSTEMPATH\Database\BaseConnection.php(729): CodeIgniter\Database\MySQLi\Connection->execute('SELECT `r`.*, `g`.`id_guru`, `g`.`nama` AS `nama_guru`, `k`.`nama_kelas`, `j`.`nama_jurusan`
FROM `rombel` `r`
JOIN `guru` `g` ON `r`.`id_guru` = `g`.`id_guru`
JOIN `kelas` `k` ON `r`.`id_kelas` = `k`.`id_kelas`
JOIN `jurusan` `j` ON `r`.`id_jurusan` = `j`.`id_jurusan`')
 2 SYSTEMPATH\Database\BaseConnection.php(646): CodeIgniter\Database\BaseConnection->simpleQuery('SELECT `r`.*, `g`.`id_guru`, `g`.`nama` AS `nama_guru`, `k`.`nama_kelas`, `j`.`nama_jurusan`
FROM `rombel` `r`
JOIN `guru` `g` ON `r`.`id_guru` = `g`.`id_guru`
JOIN `kelas` `k` ON `r`.`id_kelas` = `k`.`id_kelas`
JOIN `jurusan` `j` ON `r`.`id_jurusan` = `j`.`id_jurusan`')
 3 SYSTEMPATH\Database\BaseBuilder.php(1649): CodeIgniter\Database\BaseConnection->query('SELECT `r`.*, `g`.`id_guru`, `g`.`nama` AS `nama_guru`, `k`.`nama_kelas`, `j`.`nama_jurusan`
FROM `rombel` `r`
JOIN `guru` `g` ON `r`.`id_guru` = `g`.`id_guru`
JOIN `kelas` `k` ON `r`.`id_kelas` = `k`.`id_kelas`
JOIN `jurusan` `j` ON `r`.`id_jurusan` = `j`.`id_jurusan`', [], false)
 4 APPPATH\Models\M_ekskul.php(76): CodeIgniter\Database\BaseBuilder->get()
 5 APPPATH\Controllers\Rombel.php(22): App\Models\M_ekskul->rombel()
 6 SYSTEMPATH\CodeIgniter.php(933): App\Controllers\Rombel->index()
 7 SYSTEMPATH\CodeIgniter.php(507): CodeIgniter\CodeIgniter->runController(Object(App\Controllers\Rombel))
 8 SYSTEMPATH\CodeIgniter.php(354): CodeIgniter\CodeIgniter->handleRequest(null, Object(Config\Cache), false)
 9 SYSTEMPATH\Boot.php(363): CodeIgniter\CodeIgniter->run()
10 SYSTEMPATH\Boot.php(68): CodeIgniter\Boot::runCodeIgniter(Object(CodeIgniter\CodeIgniter))
11 FCPATH\index.php(59): CodeIgniter\Boot::bootWeb(Object(Config\Paths))
12 SYSTEMPATH\rewrite.php(44): require_once('I:\\My Drive\\mey\\ekskul\\public\\index.php')
CRITICAL - 2026-01-07 06:40:23 --> [Caused by] mysqli_sql_exception: Unknown column 'g.nama' in 'field list'
in SYSTEMPATH\Database\MySQLi\Connection.php on line 327.
 1 SYSTEMPATH\Database\MySQLi\Connection.php(327): mysqli->query('SELECT `r`.*, `g`.`id_guru`, `g`.`nama` AS `nama_guru`, `k`.`nama_kelas`, `j`.`nama_jurusan`
FROM `rombel` `r`
JOIN `guru` `g` ON `r`.`id_guru` = `g`.`id_guru`
JOIN `kelas` `k` ON `r`.`id_kelas` = `k`.`id_kelas`
JOIN `jurusan` `j` ON `r`.`id_jurusan` = `j`.`id_jurusan`', 0)
 2 SYSTEMPATH\Database\BaseConnection.php(729): CodeIgniter\Database\MySQLi\Connection->execute('SELECT `r`.*, `g`.`id_guru`, `g`.`nama` AS `nama_guru`, `k`.`nama_kelas`, `j`.`nama_jurusan`
FROM `rombel` `r`
JOIN `guru` `g` ON `r`.`id_guru` = `g`.`id_guru`
JOIN `kelas` `k` ON `r`.`id_kelas` = `k`.`id_kelas`
JOIN `jurusan` `j` ON `r`.`id_jurusan` = `j`.`id_jurusan`')
 3 SYSTEMPATH\Database\BaseConnection.php(646): CodeIgniter\Database\BaseConnection->simpleQuery('SELECT `r`.*, `g`.`id_guru`, `g`.`nama` AS `nama_guru`, `k`.`nama_kelas`, `j`.`nama_jurusan`
FROM `rombel` `r`
JOIN `guru` `g` ON `r`.`id_guru` = `g`.`id_guru`
JOIN `kelas` `k` ON `r`.`id_kelas` = `k`.`id_kelas`
JOIN `jurusan` `j` ON `r`.`id_jurusan` = `j`.`id_jurusan`')
 4 SYSTEMPATH\Database\BaseBuilder.php(1649): CodeIgniter\Database\BaseConnection->query('SELECT `r`.*, `g`.`id_guru`, `g`.`nama` AS `nama_guru`, `k`.`nama_kelas`, `j`.`nama_jurusan`
FROM `rombel` `r`
JOIN `guru` `g` ON `r`.`id_guru` = `g`.`id_guru`
JOIN `kelas` `k` ON `r`.`id_kelas` = `k`.`id_kelas`
JOIN `jurusan` `j` ON `r`.`id_jurusan` = `j`.`id_jurusan`', [], false)
 5 APPPATH\Models\M_ekskul.php(76): CodeIgniter\Database\BaseBuilder->get()
 6 APPPATH\Controllers\Rombel.php(22): App\Models\M_ekskul->rombel()
 7 SYSTEMPATH\CodeIgniter.php(933): App\Controllers\Rombel->index()
 8 SYSTEMPATH\CodeIgniter.php(507): CodeIgniter\CodeIgniter->runController(Object(App\Controllers\Rombel))
 9 SYSTEMPATH\CodeIgniter.php(354): CodeIgniter\CodeIgniter->handleRequest(null, Object(Config\Cache), false)
10 SYSTEMPATH\Boot.php(363): CodeIgniter\CodeIgniter->run()
11 SYSTEMPATH\Boot.php(68): CodeIgniter\Boot::runCodeIgniter(Object(CodeIgniter\CodeIgniter))
12 FCPATH\index.php(59): CodeIgniter\Boot::bootWeb(Object(Config\Paths))
13 SYSTEMPATH\rewrite.php(44): require_once('I:\\My Drive\\mey\\ekskul\\public\\index.php')
CRITICAL - 2026-01-07 06:40:59 --> ErrorException: Undefined property: stdClass::$nama_guru
[Method: GET, Route: rombel]
in APPPATH\Views\rombel\rombel.php on line 43.
 1 APPPATH\Views\rombel\rombel.php(43): CodeIgniter\Debug\Exceptions->errorHandler(2, 'Undefined property: stdClass::$nama_guru', 'I:\\My Drive\\mey\\ekskul\\app\\Views\\rombel\\rombel.php', 43)
 2 SYSTEMPATH\View\View.php(226): include('I:\\My Drive\\mey\\ekskul\\app\\Views\\rombel\\rombel.php')
 3 SYSTEMPATH\View\View.php(229): CodeIgniter\View\View->CodeIgniter\View\{closure}()
 4 SYSTEMPATH\Common.php(1199): CodeIgniter\View\View->render('/rombel/rombel', [], true)
 5 APPPATH\Controllers\Rombel.php(31): view('/rombel/rombel', [...])
 6 SYSTEMPATH\CodeIgniter.php(933): App\Controllers\Rombel->index()
 7 SYSTEMPATH\CodeIgniter.php(507): CodeIgniter\CodeIgniter->runController(Object(App\Controllers\Rombel))
 8 SYSTEMPATH\CodeIgniter.php(354): CodeIgniter\CodeIgniter->handleRequest(null, Object(Config\Cache), false)
 9 SYSTEMPATH\Boot.php(363): CodeIgniter\CodeIgniter->run()
10 SYSTEMPATH\Boot.php(68): CodeIgniter\Boot::runCodeIgniter(Object(CodeIgniter\CodeIgniter))
11 FCPATH\index.php(59): CodeIgniter\Boot::bootWeb(Object(Config\Paths))
12 SYSTEMPATH\rewrite.php(44): require_once('I:\\My Drive\\mey\\ekskul\\public\\index.php')
CRITICAL - 2026-01-07 06:41:14 --> ErrorException: Undefined property: stdClass::$nama_guru
[Method: GET, Route: rombel/edit/1]
in APPPATH\Views\rombel\editrombel.php on line 9.
 1 APPPATH\Views\rombel\editrombel.php(9): CodeIgniter\Debug\Exceptions->errorHandler(2, 'Undefined property: stdClass::$nama_guru', 'I:\\My Drive\\mey\\ekskul\\app\\Views\\rombel\\editrombel.php', 9)
 2 SYSTEMPATH\View\View.php(226): include('I:\\My Drive\\mey\\ekskul\\app\\Views\\rombel\\editrombel.php')
 3 SYSTEMPATH\View\View.php(229): CodeIgniter\View\View->CodeIgniter\View\{closure}()
 4 SYSTEMPATH\Common.php(1199): CodeIgniter\View\View->render('/rombel/editrombel', [], true)
 5 APPPATH\Controllers\Rombel.php(54): view('/rombel/editrombel', [...])
 6 SYSTEMPATH\CodeIgniter.php(933): App\Controllers\Rombel->edit('1')
 7 SYSTEMPATH\CodeIgniter.php(507): CodeIgniter\CodeIgniter->runController(Object(App\Controllers\Rombel))
 8 SYSTEMPATH\CodeIgniter.php(354): CodeIgniter\CodeIgniter->handleRequest(null, Object(Config\Cache), false)
 9 SYSTEMPATH\Boot.php(363): CodeIgniter\CodeIgniter->run()
10 SYSTEMPATH\Boot.php(68): CodeIgniter\Boot::runCodeIgniter(Object(CodeIgniter\CodeIgniter))
11 FCPATH\index.php(59): CodeIgniter\Boot::bootWeb(Object(Config\Paths))
12 SYSTEMPATH\rewrite.php(44): require_once('I:\\My Drive\\mey\\ekskul\\public\\index.php')
CRITICAL - 2026-01-07 06:41:33 --> ErrorException: Undefined property: stdClass::$id_sekolah
[Method: GET, Route: rombel/edit/1]
in APPPATH\Views\rombel\editrombel.php on line 48.
 1 APPPATH\Views\rombel\editrombel.php(48): CodeIgniter\Debug\Exceptions->errorHandler(2, 'Undefined property: stdClass::$id_sekolah', 'I:\\My Drive\\mey\\ekskul\\app\\Views\\rombel\\editrombel.php', 48)
 2 SYSTEMPATH\View\View.php(226): include('I:\\My Drive\\mey\\ekskul\\app\\Views\\rombel\\editrombel.php')
 3 SYSTEMPATH\View\View.php(229): CodeIgniter\View\View->CodeIgniter\View\{closure}()
 4 SYSTEMPATH\Common.php(1199): CodeIgniter\View\View->render('/rombel/editrombel', [], true)
 5 APPPATH\Controllers\Rombel.php(54): view('/rombel/editrombel', [...])
 6 SYSTEMPATH\CodeIgniter.php(933): App\Controllers\Rombel->edit('1')
 7 SYSTEMPATH\CodeIgniter.php(507): CodeIgniter\CodeIgniter->runController(Object(App\Controllers\Rombel))
 8 SYSTEMPATH\CodeIgniter.php(354): CodeIgniter\CodeIgniter->handleRequest(null, Object(Config\Cache), false)
 9 SYSTEMPATH\Boot.php(363): CodeIgniter\CodeIgniter->run()
10 SYSTEMPATH\Boot.php(68): CodeIgniter\Boot::runCodeIgniter(Object(CodeIgniter\CodeIgniter))
11 FCPATH\index.php(59): CodeIgniter\Boot::bootWeb(Object(Config\Paths))
12 SYSTEMPATH\rewrite.php(44): require_once('I:\\My Drive\\mey\\ekskul\\public\\index.php')
CRITICAL - 2026-01-07 06:45:16 --> ErrorException: Undefined property: stdClass::$nama_kelas
[Method: GET, Route: siswa]
in APPPATH\Views\siswa\siswa.php on line 47.
 1 APPPATH\Views\siswa\siswa.php(47): CodeIgniter\Debug\Exceptions->errorHandler(2, 'Undefined property: stdClass::$nama_kelas', 'I:\\My Drive\\mey\\ekskul\\app\\Views\\siswa\\siswa.php', 47)
 2 SYSTEMPATH\View\View.php(226): include('I:\\My Drive\\mey\\ekskul\\app\\Views\\siswa\\siswa.php')
 3 SYSTEMPATH\View\View.php(229): CodeIgniter\View\View->CodeIgniter\View\{closure}()
 4 SYSTEMPATH\Common.php(1199): CodeIgniter\View\View->render('/siswa/siswa', [], true)
 5 APPPATH\Controllers\Siswa.php(34): view('/siswa/siswa', [...])
 6 SYSTEMPATH\CodeIgniter.php(933): App\Controllers\Siswa->index()
 7 SYSTEMPATH\CodeIgniter.php(507): CodeIgniter\CodeIgniter->runController(Object(App\Controllers\Siswa))
 8 SYSTEMPATH\CodeIgniter.php(354): CodeIgniter\CodeIgniter->handleRequest(null, Object(Config\Cache), false)
 9 SYSTEMPATH\Boot.php(363): CodeIgniter\CodeIgniter->run()
10 SYSTEMPATH\Boot.php(68): CodeIgniter\Boot::runCodeIgniter(Object(CodeIgniter\CodeIgniter))
11 FCPATH\index.php(59): CodeIgniter\Boot::bootWeb(Object(Config\Paths))
12 SYSTEMPATH\rewrite.php(44): require_once('I:\\My Drive\\mey\\ekskul\\public\\index.php')
CRITICAL - 2026-01-07 06:45:16 --> ErrorException: Undefined property: stdClass::$nama_kelas
[Method: GET, Route: siswa]
in APPPATH\Views\siswa\siswa.php on line 47.
 1 APPPATH\Views\siswa\siswa.php(47): CodeIgniter\Debug\Exceptions->errorHandler(2, 'Undefined property: stdClass::$nama_kelas', 'I:\\My Drive\\mey\\ekskul\\app\\Views\\siswa\\siswa.php', 47)
 2 SYSTEMPATH\View\View.php(226): include('I:\\My Drive\\mey\\ekskul\\app\\Views\\siswa\\siswa.php')
 3 SYSTEMPATH\View\View.php(229): CodeIgniter\View\View->CodeIgniter\View\{closure}()
 4 SYSTEMPATH\Common.php(1199): CodeIgniter\View\View->render('/siswa/siswa', [], true)
 5 APPPATH\Controllers\Siswa.php(34): view('/siswa/siswa', [...])
 6 SYSTEMPATH\CodeIgniter.php(933): App\Controllers\Siswa->index()
 7 SYSTEMPATH\CodeIgniter.php(507): CodeIgniter\CodeIgniter->runController(Object(App\Controllers\Siswa))
 8 SYSTEMPATH\CodeIgniter.php(354): CodeIgniter\CodeIgniter->handleRequest(null, Object(Config\Cache), false)
 9 SYSTEMPATH\Boot.php(363): CodeIgniter\CodeIgniter->run()
10 SYSTEMPATH\Boot.php(68): CodeIgniter\Boot::runCodeIgniter(Object(CodeIgniter\CodeIgniter))
11 FCPATH\index.php(59): CodeIgniter\Boot::bootWeb(Object(Config\Paths))
12 SYSTEMPATH\rewrite.php(44): require_once('I:\\My Drive\\mey\\ekskul\\public\\index.php')
CRITICAL - 2026-01-07 06:47:24 --> ErrorException: Undefined property: stdClass::$nama_jurusan
[Method: GET, Route: siswa]
in APPPATH\Views\siswa\siswa.php on line 49.
 1 APPPATH\Views\siswa\siswa.php(49): CodeIgniter\Debug\Exceptions->errorHandler(2, 'Undefined property: stdClass::$nama_jurusan', 'I:\\My Drive\\mey\\ekskul\\app\\Views\\siswa\\siswa.php', 49)
 2 SYSTEMPATH\View\View.php(226): include('I:\\My Drive\\mey\\ekskul\\app\\Views\\siswa\\siswa.php')
 3 SYSTEMPATH\View\View.php(229): CodeIgniter\View\View->CodeIgniter\View\{closure}()
 4 SYSTEMPATH\Common.php(1199): CodeIgniter\View\View->render('/siswa/siswa', [], true)
 5 APPPATH\Controllers\Siswa.php(34): view('/siswa/siswa', [...])
 6 SYSTEMPATH\CodeIgniter.php(933): App\Controllers\Siswa->index()
 7 SYSTEMPATH\CodeIgniter.php(507): CodeIgniter\CodeIgniter->runController(Object(App\Controllers\Siswa))
 8 SYSTEMPATH\CodeIgniter.php(354): CodeIgniter\CodeIgniter->handleRequest(null, Object(Config\Cache), false)
 9 SYSTEMPATH\Boot.php(363): CodeIgniter\CodeIgniter->run()
10 SYSTEMPATH\Boot.php(68): CodeIgniter\Boot::runCodeIgniter(Object(CodeIgniter\CodeIgniter))
11 FCPATH\index.php(59): CodeIgniter\Boot::bootWeb(Object(Config\Paths))
12 SYSTEMPATH\rewrite.php(44): require_once('I:\\My Drive\\mey\\ekskul\\public\\index.php')
ERROR - 2026-01-07 07:52:36 --> mysqli_sql_exception: Unknown column 'nama' in 'field list' in I:\My Drive\mey\ekskul\system\Database\MySQLi\Connection.php:327
Stack trace:
#0 I:\My Drive\mey\ekskul\system\Database\MySQLi\Connection.php(327): mysqli->query('INSERT INTO `ek...', 0)
#1 I:\My Drive\mey\ekskul\system\Database\BaseConnection.php(729): CodeIgniter\Database\MySQLi\Connection->execute('INSERT INTO `ek...')
#2 I:\My Drive\mey\ekskul\system\Database\BaseConnection.php(646): CodeIgniter\Database\BaseConnection->simpleQuery('INSERT INTO `ek...')
#3 I:\My Drive\mey\ekskul\system\Database\BaseBuilder.php(2345): CodeIgniter\Database\BaseConnection->query('INSERT INTO `ek...', Array, false)
#4 I:\My Drive\mey\ekskul\app\Models\M_ekskul.php(137): CodeIgniter\Database\BaseBuilder->insert(Array)
#5 I:\My Drive\mey\ekskul\app\Controllers\Ekskul.php(113): App\Models\M_ekskul->input('ekskul', Array)
#6 I:\My Drive\mey\ekskul\system\CodeIgniter.php(933): App\Controllers\Ekskul->inputsave()
#7 I:\My Drive\mey\ekskul\system\CodeIgniter.php(507): CodeIgniter\CodeIgniter->runController(Object(App\Controllers\Ekskul))
#8 I:\My Drive\mey\ekskul\system\CodeIgniter.php(354): CodeIgniter\CodeIgniter->handleRequest(NULL, Object(Config\Cache), false)
#9 I:\My Drive\mey\ekskul\system\Boot.php(363): CodeIgniter\CodeIgniter->run()
#10 I:\My Drive\mey\ekskul\system\Boot.php(68): CodeIgniter\Boot::runCodeIgniter(Object(CodeIgniter\CodeIgniter))
#11 I:\My Drive\mey\ekskul\public\index.php(59): CodeIgniter\Boot::bootWeb(Object(Config\Paths))
#12 I:\My Drive\mey\ekskul\system\rewrite.php(44): require_once('I:\\My Drive\\mey...')
#13 {main}
CRITICAL - 2026-01-07 07:52:36 --> CodeIgniter\Database\Exceptions\DatabaseException: Unknown column 'nama' in 'field list'
[Method: POST, Route: ekskul/inputsave]
in SYSTEMPATH\Database\BaseConnection.php on line 684.
 1 SYSTEMPATH\Database\BaseBuilder.php(2345): CodeIgniter\Database\BaseConnection->query('INSERT INTO `ekskul` (`id_guru`, `nama`, `jam_mulai`, `jam_selesai`) VALUES (:id_guru:, :nama:, :jam_mulai:, :jam_selesai:)', [...], false)
 2 APPPATH\Models\M_ekskul.php(137): CodeIgniter\Database\BaseBuilder->insert([...])
 3 APPPATH\Controllers\Ekskul.php(113): App\Models\M_ekskul->input('ekskul', [...])
 4 SYSTEMPATH\CodeIgniter.php(933): App\Controllers\Ekskul->inputsave()
 5 SYSTEMPATH\CodeIgniter.php(507): CodeIgniter\CodeIgniter->runController(Object(App\Controllers\Ekskul))
 6 SYSTEMPATH\CodeIgniter.php(354): CodeIgniter\CodeIgniter->handleRequest(null, Object(Config\Cache), false)
 7 SYSTEMPATH\Boot.php(363): CodeIgniter\CodeIgniter->run()
 8 SYSTEMPATH\Boot.php(68): CodeIgniter\Boot::runCodeIgniter(Object(CodeIgniter\CodeIgniter))
 9 FCPATH\index.php(59): CodeIgniter\Boot::bootWeb(Object(Config\Paths))
10 SYSTEMPATH\rewrite.php(44): require_once('I:\\My Drive\\mey\\ekskul\\public\\index.php')
CRITICAL - 2026-01-07 07:52:36 --> [Caused by] CodeIgniter\Database\Exceptions\DatabaseException: Unknown column 'nama' in 'field list'
in SYSTEMPATH\Database\MySQLi\Connection.php on line 332.
 1 SYSTEMPATH\Database\BaseConnection.php(729): CodeIgniter\Database\MySQLi\Connection->execute('INSERT INTO `ekskul` (`id_guru`, `nama`, `jam_mulai`, `jam_selesai`) VALUES (\'1\', \'Badminton\', \'14:52\', \'18:55\')')
 2 SYSTEMPATH\Database\BaseConnection.php(646): CodeIgniter\Database\BaseConnection->simpleQuery('INSERT INTO `ekskul` (`id_guru`, `nama`, `jam_mulai`, `jam_selesai`) VALUES (\'1\', \'Badminton\', \'14:52\', \'18:55\')')
 3 SYSTEMPATH\Database\BaseBuilder.php(2345): CodeIgniter\Database\BaseConnection->query('INSERT INTO `ekskul` (`id_guru`, `nama`, `jam_mulai`, `jam_selesai`) VALUES (:id_guru:, :nama:, :jam_mulai:, :jam_selesai:)', [...], false)
 4 APPPATH\Models\M_ekskul.php(137): CodeIgniter\Database\BaseBuilder->insert([...])
 5 APPPATH\Controllers\Ekskul.php(113): App\Models\M_ekskul->input('ekskul', [...])
 6 SYSTEMPATH\CodeIgniter.php(933): App\Controllers\Ekskul->inputsave()
 7 SYSTEMPATH\CodeIgniter.php(507): CodeIgniter\CodeIgniter->runController(Object(App\Controllers\Ekskul))
 8 SYSTEMPATH\CodeIgniter.php(354): CodeIgniter\CodeIgniter->handleRequest(null, Object(Config\Cache), false)
 9 SYSTEMPATH\Boot.php(363): CodeIgniter\CodeIgniter->run()
10 SYSTEMPATH\Boot.php(68): CodeIgniter\Boot::runCodeIgniter(Object(CodeIgniter\CodeIgniter))
11 FCPATH\index.php(59): CodeIgniter\Boot::bootWeb(Object(Config\Paths))
12 SYSTEMPATH\rewrite.php(44): require_once('I:\\My Drive\\mey\\ekskul\\public\\index.php')
CRITICAL - 2026-01-07 07:52:37 --> [Caused by] mysqli_sql_exception: Unknown column 'nama' in 'field list'
in SYSTEMPATH\Database\MySQLi\Connection.php on line 327.
 1 SYSTEMPATH\Database\MySQLi\Connection.php(327): mysqli->query('INSERT INTO `ekskul` (`id_guru`, `nama`, `jam_mulai`, `jam_selesai`) VALUES (\'1\', \'Badminton\', \'14:52\', \'18:55\')', 0)
 2 SYSTEMPATH\Database\BaseConnection.php(729): CodeIgniter\Database\MySQLi\Connection->execute('INSERT INTO `ekskul` (`id_guru`, `nama`, `jam_mulai`, `jam_selesai`) VALUES (\'1\', \'Badminton\', \'14:52\', \'18:55\')')
 3 SYSTEMPATH\Database\BaseConnection.php(646): CodeIgniter\Database\BaseConnection->simpleQuery('INSERT INTO `ekskul` (`id_guru`, `nama`, `jam_mulai`, `jam_selesai`) VALUES (\'1\', \'Badminton\', \'14:52\', \'18:55\')')
 4 SYSTEMPATH\Database\BaseBuilder.php(2345): CodeIgniter\Database\BaseConnection->query('INSERT INTO `ekskul` (`id_guru`, `nama`, `jam_mulai`, `jam_selesai`) VALUES (:id_guru:, :nama:, :jam_mulai:, :jam_selesai:)', [...], false)
 5 APPPATH\Models\M_ekskul.php(137): CodeIgniter\Database\BaseBuilder->insert([...])
 6 APPPATH\Controllers\Ekskul.php(113): App\Models\M_ekskul->input('ekskul', [...])
 7 SYSTEMPATH\CodeIgniter.php(933): App\Controllers\Ekskul->inputsave()
 8 SYSTEMPATH\CodeIgniter.php(507): CodeIgniter\CodeIgniter->runController(Object(App\Controllers\Ekskul))
 9 SYSTEMPATH\CodeIgniter.php(354): CodeIgniter\CodeIgniter->handleRequest(null, Object(Config\Cache), false)
10 SYSTEMPATH\Boot.php(363): CodeIgniter\CodeIgniter->run()
11 SYSTEMPATH\Boot.php(68): CodeIgniter\Boot::runCodeIgniter(Object(CodeIgniter\CodeIgniter))
12 FCPATH\index.php(59): CodeIgniter\Boot::bootWeb(Object(Config\Paths))
13 SYSTEMPATH\rewrite.php(44): require_once('I:\\My Drive\\mey\\ekskul\\public\\index.php')
CRITICAL - 2026-01-07 13:31:49 --> CodeIgniter\Database\Exceptions\DatabaseException: You must set the database table to be used with your query.
[Method: GET, Route: jadwal]
in SYSTEMPATH\Database\BaseConnection.php on line 944.
 1 SYSTEMPATH\Model.php(713): CodeIgniter\Database\BaseConnection->table(null)
 2 SYSTEMPATH\Model.php(917): CodeIgniter\Model->builder()
 3 APPPATH\Controllers\Jadwal.php(22): CodeIgniter\Model->__call('jadwal', [])
 4 SYSTEMPATH\CodeIgniter.php(933): App\Controllers\Jadwal->index()
 5 SYSTEMPATH\CodeIgniter.php(507): CodeIgniter\CodeIgniter->runController(Object(App\Controllers\Jadwal))
 6 SYSTEMPATH\CodeIgniter.php(354): CodeIgniter\CodeIgniter->handleRequest(null, Object(Config\Cache), false)
 7 SYSTEMPATH\Boot.php(363): CodeIgniter\CodeIgniter->run()
 8 SYSTEMPATH\Boot.php(68): CodeIgniter\Boot::runCodeIgniter(Object(CodeIgniter\CodeIgniter))
 9 FCPATH\index.php(59): CodeIgniter\Boot::bootWeb(Object(Config\Paths))
10 SYSTEMPATH\rewrite.php(44): require_once('J:\\My Drive\\mey\\ekskul\\public\\index.php')
ERROR - 2026-01-07 13:38:17 --> mysqli_sql_exception: Unknown column 'eksku.id_eksku' in 'on clause' in J:\My Drive\mey\ekskul\system\Database\MySQLi\Connection.php:327
Stack trace:
#0 J:\My Drive\mey\ekskul\system\Database\MySQLi\Connection.php(327): mysqli->query('SELECT *\nFROM `...', 0)
#1 J:\My Drive\mey\ekskul\system\Database\BaseConnection.php(729): CodeIgniter\Database\MySQLi\Connection->execute('SELECT *\nFROM `...')
#2 J:\My Drive\mey\ekskul\system\Database\BaseConnection.php(646): CodeIgniter\Database\BaseConnection->simpleQuery('SELECT *\nFROM `...')
#3 J:\My Drive\mey\ekskul\system\Database\BaseBuilder.php(1649): CodeIgniter\Database\BaseConnection->query('SELECT *\nFROM `...', Array, false)
#4 J:\My Drive\mey\ekskul\app\Models\M_ekskul.php(68): CodeIgniter\Database\BaseBuilder->get()
#5 J:\My Drive\mey\ekskul\app\Controllers\Jadwal.php(22): App\Models\M_ekskul->jadwal()
#6 J:\My Drive\mey\ekskul\system\CodeIgniter.php(933): App\Controllers\Jadwal->index()
#7 J:\My Drive\mey\ekskul\system\CodeIgniter.php(507): CodeIgniter\CodeIgniter->runController(Object(App\Controllers\Jadwal))
#8 J:\My Drive\mey\ekskul\system\CodeIgniter.php(354): CodeIgniter\CodeIgniter->handleRequest(NULL, Object(Config\Cache), false)
#9 J:\My Drive\mey\ekskul\system\Boot.php(363): CodeIgniter\CodeIgniter->run()
#10 J:\My Drive\mey\ekskul\system\Boot.php(68): CodeIgniter\Boot::runCodeIgniter(Object(CodeIgniter\CodeIgniter))
#11 J:\My Drive\mey\ekskul\public\index.php(59): CodeIgniter\Boot::bootWeb(Object(Config\Paths))
#12 J:\My Drive\mey\ekskul\system\rewrite.php(44): require_once('J:\\My Drive\\mey...')
#13 {main}
CRITICAL - 2026-01-07 13:38:17 --> CodeIgniter\Database\Exceptions\DatabaseException: Unknown column 'eksku.id_eksku' in 'on clause'
[Method: GET, Route: jadwal]
in SYSTEMPATH\Database\BaseConnection.php on line 684.
 1 SYSTEMPATH\Database\BaseBuilder.php(1649): CodeIgniter\Database\BaseConnection->query('SELECT *
FROM `jadwal`
JOIN `ekskul` ON `jadwal`.`id_ekskul`=`eksku`.`id_eksku`', [], false)
 2 APPPATH\Models\M_ekskul.php(68): CodeIgniter\Database\BaseBuilder->get()
 3 APPPATH\Controllers\Jadwal.php(22): App\Models\M_ekskul->jadwal()
 4 SYSTEMPATH\CodeIgniter.php(933): App\Controllers\Jadwal->index()
 5 SYSTEMPATH\CodeIgniter.php(507): CodeIgniter\CodeIgniter->runController(Object(App\Controllers\Jadwal))
 6 SYSTEMPATH\CodeIgniter.php(354): CodeIgniter\CodeIgniter->handleRequest(null, Object(Config\Cache), false)
 7 SYSTEMPATH\Boot.php(363): CodeIgniter\CodeIgniter->run()
 8 SYSTEMPATH\Boot.php(68): CodeIgniter\Boot::runCodeIgniter(Object(CodeIgniter\CodeIgniter))
 9 FCPATH\index.php(59): CodeIgniter\Boot::bootWeb(Object(Config\Paths))
10 SYSTEMPATH\rewrite.php(44): require_once('J:\\My Drive\\mey\\ekskul\\public\\index.php')
CRITICAL - 2026-01-07 13:38:17 --> [Caused by] CodeIgniter\Database\Exceptions\DatabaseException: Unknown column 'eksku.id_eksku' in 'on clause'
in SYSTEMPATH\Database\MySQLi\Connection.php on line 332.
 1 SYSTEMPATH\Database\BaseConnection.php(729): CodeIgniter\Database\MySQLi\Connection->execute('SELECT *
FROM `jadwal`
JOIN `ekskul` ON `jadwal`.`id_ekskul`=`eksku`.`id_eksku`')
 2 SYSTEMPATH\Database\BaseConnection.php(646): CodeIgniter\Database\BaseConnection->simpleQuery('SELECT *
FROM `jadwal`
JOIN `ekskul` ON `jadwal`.`id_ekskul`=`eksku`.`id_eksku`')
 3 SYSTEMPATH\Database\BaseBuilder.php(1649): CodeIgniter\Database\BaseConnection->query('SELECT *
FROM `jadwal`
JOIN `ekskul` ON `jadwal`.`id_ekskul`=`eksku`.`id_eksku`', [], false)
 4 APPPATH\Models\M_ekskul.php(68): CodeIgniter\Database\BaseBuilder->get()
 5 APPPATH\Controllers\Jadwal.php(22): App\Models\M_ekskul->jadwal()
 6 SYSTEMPATH\CodeIgniter.php(933): App\Controllers\Jadwal->index()
 7 SYSTEMPATH\CodeIgniter.php(507): CodeIgniter\CodeIgniter->runController(Object(App\Controllers\Jadwal))
 8 SYSTEMPATH\CodeIgniter.php(354): CodeIgniter\CodeIgniter->handleRequest(null, Object(Config\Cache), false)
 9 SYSTEMPATH\Boot.php(363): CodeIgniter\CodeIgniter->run()
10 SYSTEMPATH\Boot.php(68): CodeIgniter\Boot::runCodeIgniter(Object(CodeIgniter\CodeIgniter))
11 FCPATH\index.php(59): CodeIgniter\Boot::bootWeb(Object(Config\Paths))
12 SYSTEMPATH\rewrite.php(44): require_once('J:\\My Drive\\mey\\ekskul\\public\\index.php')
CRITICAL - 2026-01-07 13:38:17 --> [Caused by] mysqli_sql_exception: Unknown column 'eksku.id_eksku' in 'on clause'
in SYSTEMPATH\Database\MySQLi\Connection.php on line 327.
 1 SYSTEMPATH\Database\MySQLi\Connection.php(327): mysqli->query('SELECT *
FROM `jadwal`
JOIN `ekskul` ON `jadwal`.`id_ekskul`=`eksku`.`id_eksku`', 0)
 2 SYSTEMPATH\Database\BaseConnection.php(729): CodeIgniter\Database\MySQLi\Connection->execute('SELECT *
FROM `jadwal`
JOIN `ekskul` ON `jadwal`.`id_ekskul`=`eksku`.`id_eksku`')
 3 SYSTEMPATH\Database\BaseConnection.php(646): CodeIgniter\Database\BaseConnection->simpleQuery('SELECT *
FROM `jadwal`
JOIN `ekskul` ON `jadwal`.`id_ekskul`=`eksku`.`id_eksku`')
 4 SYSTEMPATH\Database\BaseBuilder.php(1649): CodeIgniter\Database\BaseConnection->query('SELECT *
FROM `jadwal`
JOIN `ekskul` ON `jadwal`.`id_ekskul`=`eksku`.`id_eksku`', [], false)
 5 APPPATH\Models\M_ekskul.php(68): CodeIgniter\Database\BaseBuilder->get()
 6 APPPATH\Controllers\Jadwal.php(22): App\Models\M_ekskul->jadwal()
 7 SYSTEMPATH\CodeIgniter.php(933): App\Controllers\Jadwal->index()
 8 SYSTEMPATH\CodeIgniter.php(507): CodeIgniter\CodeIgniter->runController(Object(App\Controllers\Jadwal))
 9 SYSTEMPATH\CodeIgniter.php(354): CodeIgniter\CodeIgniter->handleRequest(null, Object(Config\Cache), false)
10 SYSTEMPATH\Boot.php(363): CodeIgniter\CodeIgniter->run()
11 SYSTEMPATH\Boot.php(68): CodeIgniter\Boot::runCodeIgniter(Object(CodeIgniter\CodeIgniter))
12 FCPATH\index.php(59): CodeIgniter\Boot::bootWeb(Object(Config\Paths))
13 SYSTEMPATH\rewrite.php(44): require_once('J:\\My Drive\\mey\\ekskul\\public\\index.php')
ERROR - 2026-01-07 14:11:20 --> mysqli_sql_exception: Unknown column 'siswa.nama_siswa' in 'field list' in J:\My Drive\mey\ekskul\system\Database\MySQLi\Connection.php:327
Stack trace:
#0 J:\My Drive\mey\ekskul\system\Database\MySQLi\Connection.php(327): mysqli->query('SELECT `p`.*, `...', 0)
#1 J:\My Drive\mey\ekskul\system\Database\BaseConnection.php(729): CodeIgniter\Database\MySQLi\Connection->execute('SELECT `p`.*, `...')
#2 J:\My Drive\mey\ekskul\system\Database\BaseConnection.php(646): CodeIgniter\Database\BaseConnection->simpleQuery('SELECT `p`.*, `...')
#3 J:\My Drive\mey\ekskul\system\Database\BaseBuilder.php(1649): CodeIgniter\Database\BaseConnection->query('SELECT `p`.*, `...', Array, false)
#4 J:\My Drive\mey\ekskul\app\Models\M_ekskul.php(89): CodeIgniter\Database\BaseBuilder->get()
#5 J:\My Drive\mey\ekskul\app\Controllers\Pendaftaran.php(22): App\Models\M_ekskul->pendaftaran()
#6 J:\My Drive\mey\ekskul\system\CodeIgniter.php(933): App\Controllers\Pendaftaran->index()
#7 J:\My Drive\mey\ekskul\system\CodeIgniter.php(507): CodeIgniter\CodeIgniter->runController(Object(App\Controllers\Pendaftaran))
#8 J:\My Drive\mey\ekskul\system\CodeIgniter.php(354): CodeIgniter\CodeIgniter->handleRequest(NULL, Object(Config\Cache), false)
#9 J:\My Drive\mey\ekskul\system\Boot.php(363): CodeIgniter\CodeIgniter->run()
#10 J:\My Drive\mey\ekskul\system\Boot.php(68): CodeIgniter\Boot::runCodeIgniter(Object(CodeIgniter\CodeIgniter))
#11 J:\My Drive\mey\ekskul\public\index.php(59): CodeIgniter\Boot::bootWeb(Object(Config\Paths))
#12 J:\My Drive\mey\ekskul\system\rewrite.php(44): require_once('J:\\My Drive\\mey...')
#13 {main}
CRITICAL - 2026-01-07 14:11:21 --> CodeIgniter\Database\Exceptions\DatabaseException: Unknown column 'siswa.nama_siswa' in 'field list'
[Method: GET, Route: pendaftaran]
in SYSTEMPATH\Database\BaseConnection.php on line 684.
 1 SYSTEMPATH\Database\BaseBuilder.php(1649): CodeIgniter\Database\BaseConnection->query('SELECT `p`.*, `siswa`.`nama_siswa`, `ekskul`.`nama_ekskul`, `jadwal`.`hari`, `jadwal`.`jam_mulai`, `jadwal`.`jam_selesai`, `u2`.`nama` as `disetujui_nama`
FROM `pendaftaran` `p`
JOIN `siswa` ON `p`.`id_siswa` = `siswa`.`id_siswa`
JOIN `user` ON `siswa`.`id_user` = `user`.`id_user`
JOIN `jadwal` ON `p`.`id_jadwal` = `jadwal`.`id_jadwal`
JOIN `ekskul` ON `jadwal`.`id_ekskul` = `ekskul`.`id_ekskul`
LEFT JOIN `user` `u2` ON `u2`.`id_user` = `p`.`disetujui_oleh`', [], false)
 2 APPPATH\Models\M_ekskul.php(89): CodeIgniter\Database\BaseBuilder->get()
 3 APPPATH\Controllers\Pendaftaran.php(22): App\Models\M_ekskul->pendaftaran()
 4 SYSTEMPATH\CodeIgniter.php(933): App\Controllers\Pendaftaran->index()
 5 SYSTEMPATH\CodeIgniter.php(507): CodeIgniter\CodeIgniter->runController(Object(App\Controllers\Pendaftaran))
 6 SYSTEMPATH\CodeIgniter.php(354): CodeIgniter\CodeIgniter->handleRequest(null, Object(Config\Cache), false)
 7 SYSTEMPATH\Boot.php(363): CodeIgniter\CodeIgniter->run()
 8 SYSTEMPATH\Boot.php(68): CodeIgniter\Boot::runCodeIgniter(Object(CodeIgniter\CodeIgniter))
 9 FCPATH\index.php(59): CodeIgniter\Boot::bootWeb(Object(Config\Paths))
10 SYSTEMPATH\rewrite.php(44): require_once('J:\\My Drive\\mey\\ekskul\\public\\index.php')
CRITICAL - 2026-01-07 14:11:21 --> [Caused by] CodeIgniter\Database\Exceptions\DatabaseException: Unknown column 'siswa.nama_siswa' in 'field list'
in SYSTEMPATH\Database\MySQLi\Connection.php on line 332.
 1 SYSTEMPATH\Database\BaseConnection.php(729): CodeIgniter\Database\MySQLi\Connection->execute('SELECT `p`.*, `siswa`.`nama_siswa`, `ekskul`.`nama_ekskul`, `jadwal`.`hari`, `jadwal`.`jam_mulai`, `jadwal`.`jam_selesai`, `u2`.`nama` as `disetujui_nama`
FROM `pendaftaran` `p`
JOIN `siswa` ON `p`.`id_siswa` = `siswa`.`id_siswa`
JOIN `user` ON `siswa`.`id_user` = `user`.`id_user`
JOIN `jadwal` ON `p`.`id_jadwal` = `jadwal`.`id_jadwal`
JOIN `ekskul` ON `jadwal`.`id_ekskul` = `ekskul`.`id_ekskul`
LEFT JOIN `user` `u2` ON `u2`.`id_user` = `p`.`disetujui_oleh`')
 2 SYSTEMPATH\Database\BaseConnection.php(646): CodeIgniter\Database\BaseConnection->simpleQuery('SELECT `p`.*, `siswa`.`nama_siswa`, `ekskul`.`nama_ekskul`, `jadwal`.`hari`, `jadwal`.`jam_mulai`, `jadwal`.`jam_selesai`, `u2`.`nama` as `disetujui_nama`
FROM `pendaftaran` `p`
JOIN `siswa` ON `p`.`id_siswa` = `siswa`.`id_siswa`
JOIN `user` ON `siswa`.`id_user` = `user`.`id_user`
JOIN `jadwal` ON `p`.`id_jadwal` = `jadwal`.`id_jadwal`
JOIN `ekskul` ON `jadwal`.`id_ekskul` = `ekskul`.`id_ekskul`
LEFT JOIN `user` `u2` ON `u2`.`id_user` = `p`.`disetujui_oleh`')
 3 SYSTEMPATH\Database\BaseBuilder.php(1649): CodeIgniter\Database\BaseConnection->query('SELECT `p`.*, `siswa`.`nama_siswa`, `ekskul`.`nama_ekskul`, `jadwal`.`hari`, `jadwal`.`jam_mulai`, `jadwal`.`jam_selesai`, `u2`.`nama` as `disetujui_nama`
FROM `pendaftaran` `p`
JOIN `siswa` ON `p`.`id_siswa` = `siswa`.`id_siswa`
JOIN `user` ON `siswa`.`id_user` = `user`.`id_user`
JOIN `jadwal` ON `p`.`id_jadwal` = `jadwal`.`id_jadwal`
JOIN `ekskul` ON `jadwal`.`id_ekskul` = `ekskul`.`id_ekskul`
LEFT JOIN `user` `u2` ON `u2`.`id_user` = `p`.`disetujui_oleh`', [], false)
 4 APPPATH\Models\M_ekskul.php(89): CodeIgniter\Database\BaseBuilder->get()
 5 APPPATH\Controllers\Pendaftaran.php(22): App\Models\M_ekskul->pendaftaran()
 6 SYSTEMPATH\CodeIgniter.php(933): App\Controllers\Pendaftaran->index()
 7 SYSTEMPATH\CodeIgniter.php(507): CodeIgniter\CodeIgniter->runController(Object(App\Controllers\Pendaftaran))
 8 SYSTEMPATH\CodeIgniter.php(354): CodeIgniter\CodeIgniter->handleRequest(null, Object(Config\Cache), false)
 9 SYSTEMPATH\Boot.php(363): CodeIgniter\CodeIgniter->run()
10 SYSTEMPATH\Boot.php(68): CodeIgniter\Boot::runCodeIgniter(Object(CodeIgniter\CodeIgniter))
11 FCPATH\index.php(59): CodeIgniter\Boot::bootWeb(Object(Config\Paths))
12 SYSTEMPATH\rewrite.php(44): require_once('J:\\My Drive\\mey\\ekskul\\public\\index.php')
CRITICAL - 2026-01-07 14:11:21 --> [Caused by] mysqli_sql_exception: Unknown column 'siswa.nama_siswa' in 'field list'
in SYSTEMPATH\Database\MySQLi\Connection.php on line 327.
 1 SYSTEMPATH\Database\MySQLi\Connection.php(327): mysqli->query('SELECT `p`.*, `siswa`.`nama_siswa`, `ekskul`.`nama_ekskul`, `jadwal`.`hari`, `jadwal`.`jam_mulai`, `jadwal`.`jam_selesai`, `u2`.`nama` as `disetujui_nama`
FROM `pendaftaran` `p`
JOIN `siswa` ON `p`.`id_siswa` = `siswa`.`id_siswa`
JOIN `user` ON `siswa`.`id_user` = `user`.`id_user`
JOIN `jadwal` ON `p`.`id_jadwal` = `jadwal`.`id_jadwal`
JOIN `ekskul` ON `jadwal`.`id_ekskul` = `ekskul`.`id_ekskul`
LEFT JOIN `user` `u2` ON `u2`.`id_user` = `p`.`disetujui_oleh`', 0)
 2 SYSTEMPATH\Database\BaseConnection.php(729): CodeIgniter\Database\MySQLi\Connection->execute('SELECT `p`.*, `siswa`.`nama_siswa`, `ekskul`.`nama_ekskul`, `jadwal`.`hari`, `jadwal`.`jam_mulai`, `jadwal`.`jam_selesai`, `u2`.`nama` as `disetujui_nama`
FROM `pendaftaran` `p`
JOIN `siswa` ON `p`.`id_siswa` = `siswa`.`id_siswa`
JOIN `user` ON `siswa`.`id_user` = `user`.`id_user`
JOIN `jadwal` ON `p`.`id_jadwal` = `jadwal`.`id_jadwal`
JOIN `ekskul` ON `jadwal`.`id_ekskul` = `ekskul`.`id_ekskul`
LEFT JOIN `user` `u2` ON `u2`.`id_user` = `p`.`disetujui_oleh`')
 3 SYSTEMPATH\Database\BaseConnection.php(646): CodeIgniter\Database\BaseConnection->simpleQuery('SELECT `p`.*, `siswa`.`nama_siswa`, `ekskul`.`nama_ekskul`, `jadwal`.`hari`, `jadwal`.`jam_mulai`, `jadwal`.`jam_selesai`, `u2`.`nama` as `disetujui_nama`
FROM `pendaftaran` `p`
JOIN `siswa` ON `p`.`id_siswa` = `siswa`.`id_siswa`
JOIN `user` ON `siswa`.`id_user` = `user`.`id_user`
JOIN `jadwal` ON `p`.`id_jadwal` = `jadwal`.`id_jadwal`
JOIN `ekskul` ON `jadwal`.`id_ekskul` = `ekskul`.`id_ekskul`
LEFT JOIN `user` `u2` ON `u2`.`id_user` = `p`.`disetujui_oleh`')
 4 SYSTEMPATH\Database\BaseBuilder.php(1649): CodeIgniter\Database\BaseConnection->query('SELECT `p`.*, `siswa`.`nama_siswa`, `ekskul`.`nama_ekskul`, `jadwal`.`hari`, `jadwal`.`jam_mulai`, `jadwal`.`jam_selesai`, `u2`.`nama` as `disetujui_nama`
FROM `pendaftaran` `p`
JOIN `siswa` ON `p`.`id_siswa` = `siswa`.`id_siswa`
JOIN `user` ON `siswa`.`id_user` = `user`.`id_user`
JOIN `jadwal` ON `p`.`id_jadwal` = `jadwal`.`id_jadwal`
JOIN `ekskul` ON `jadwal`.`id_ekskul` = `ekskul`.`id_ekskul`
LEFT JOIN `user` `u2` ON `u2`.`id_user` = `p`.`disetujui_oleh`', [], false)
 5 APPPATH\Models\M_ekskul.php(89): CodeIgniter\Database\BaseBuilder->get()
 6 APPPATH\Controllers\Pendaftaran.php(22): App\Models\M_ekskul->pendaftaran()
 7 SYSTEMPATH\CodeIgniter.php(933): App\Controllers\Pendaftaran->index()
 8 SYSTEMPATH\CodeIgniter.php(507): CodeIgniter\CodeIgniter->runController(Object(App\Controllers\Pendaftaran))
 9 SYSTEMPATH\CodeIgniter.php(354): CodeIgniter\CodeIgniter->handleRequest(null, Object(Config\Cache), false)
10 SYSTEMPATH\Boot.php(363): CodeIgniter\CodeIgniter->run()
11 SYSTEMPATH\Boot.php(68): CodeIgniter\Boot::runCodeIgniter(Object(CodeIgniter\CodeIgniter))
12 FCPATH\index.php(59): CodeIgniter\Boot::bootWeb(Object(Config\Paths))
13 SYSTEMPATH\rewrite.php(44): require_once('J:\\My Drive\\mey\\ekskul\\public\\index.php')
CRITICAL - 2026-01-07 14:25:41 --> ErrorException: Attempt to read property "id_siswa" on null
[Method: GET, Route: pendaftaran]
in APPPATH\Models\M_ekskul.php on line 110.
 1 APPPATH\Models\M_ekskul.php(110): CodeIgniter\Debug\Exceptions->errorHandler(2, 'Attempt to read property "id_siswa" on null', 'J:\\My Drive\\mey\\ekskul\\app\\Models\\M_ekskul.php', 110)
 2 APPPATH\Controllers\Pendaftaran.php(22): App\Models\M_ekskul->siswapendaftaran()
 3 SYSTEMPATH\CodeIgniter.php(933): App\Controllers\Pendaftaran->index()
 4 SYSTEMPATH\CodeIgniter.php(507): CodeIgniter\CodeIgniter->runController(Object(App\Controllers\Pendaftaran))
 5 SYSTEMPATH\CodeIgniter.php(354): CodeIgniter\CodeIgniter->handleRequest(null, Object(Config\Cache), false)
 6 SYSTEMPATH\Boot.php(363): CodeIgniter\CodeIgniter->run()
 7 SYSTEMPATH\Boot.php(68): CodeIgniter\Boot::runCodeIgniter(Object(CodeIgniter\CodeIgniter))
 8 FCPATH\index.php(59): CodeIgniter\Boot::bootWeb(Object(Config\Paths))
 9 SYSTEMPATH\rewrite.php(44): require_once('J:\\My Drive\\mey\\ekskul\\public\\index.php')
CRITICAL - 2026-01-07 14:30:16 --> ErrorException: Attempt to read property "id_siswa" on null
[Method: POST, Route: pendaftaran/inputsave]
in APPPATH\Controllers\Pendaftaran.php on line 131.
 1 APPPATH\Controllers\Pendaftaran.php(131): CodeIgniter\Debug\Exceptions->errorHandler(2, 'Attempt to read property "id_siswa" on null', 'J:\\My Drive\\mey\\ekskul\\app\\Controllers\\Pendaftaran.php', 131)
 2 SYSTEMPATH\CodeIgniter.php(933): App\Controllers\Pendaftaran->inputsave()
 3 SYSTEMPATH\CodeIgniter.php(507): CodeIgniter\CodeIgniter->runController(Object(App\Controllers\Pendaftaran))
 4 SYSTEMPATH\CodeIgniter.php(354): CodeIgniter\CodeIgniter->handleRequest(null, Object(Config\Cache), false)
 5 SYSTEMPATH\Boot.php(363): CodeIgniter\CodeIgniter->run()
 6 SYSTEMPATH\Boot.php(68): CodeIgniter\Boot::runCodeIgniter(Object(CodeIgniter\CodeIgniter))
 7 FCPATH\index.php(59): CodeIgniter\Boot::bootWeb(Object(Config\Paths))
 8 SYSTEMPATH\rewrite.php(44): require_once('J:\\My Drive\\mey\\ekskul\\public\\index.php')
CRITICAL - 2026-01-07 14:46:18 --> ErrorException: Attempt to read property "id_siswa" on null
[Method: GET, Route: pendaftaran]
in APPPATH\Models\M_ekskul.php on line 110.
 1 APPPATH\Models\M_ekskul.php(110): CodeIgniter\Debug\Exceptions->errorHandler(2, 'Attempt to read property "id_siswa" on null', 'J:\\My Drive\\mey\\ekskul\\app\\Models\\M_ekskul.php', 110)
 2 APPPATH\Controllers\Pendaftaran.php(36): App\Models\M_ekskul->siswapendaftaran()
 3 SYSTEMPATH\CodeIgniter.php(933): App\Controllers\Pendaftaran->index()
 4 SYSTEMPATH\CodeIgniter.php(507): CodeIgniter\CodeIgniter->runController(Object(App\Controllers\Pendaftaran))
 5 SYSTEMPATH\CodeIgniter.php(354): CodeIgniter\CodeIgniter->handleRequest(null, Object(Config\Cache), false)
 6 SYSTEMPATH\Boot.php(363): CodeIgniter\CodeIgniter->run()
 7 SYSTEMPATH\Boot.php(68): CodeIgniter\Boot::runCodeIgniter(Object(CodeIgniter\CodeIgniter))
 8 FCPATH\index.php(59): CodeIgniter\Boot::bootWeb(Object(Config\Paths))
 9 SYSTEMPATH\rewrite.php(44): require_once('J:\\My Drive\\mey\\ekskul\\public\\index.php')
ERROR - 2026-01-07 15:39:37 --> mysqli_sql_exception: Unknown column 'guru.nama_guru' in 'field list' in J:\My Drive\mey\ekskul\system\Database\MySQLi\Connection.php:327
Stack trace:
#0 J:\My Drive\mey\ekskul\system\Database\MySQLi\Connection.php(327): mysqli->query('SELECT `e`.*, `...', 0)
#1 J:\My Drive\mey\ekskul\system\Database\BaseConnection.php(729): CodeIgniter\Database\MySQLi\Connection->execute('SELECT `e`.*, `...')
#2 J:\My Drive\mey\ekskul\system\Database\BaseConnection.php(646): CodeIgniter\Database\BaseConnection->simpleQuery('SELECT `e`.*, `...')
#3 J:\My Drive\mey\ekskul\system\Database\BaseBuilder.php(1649): CodeIgniter\Database\BaseConnection->query('SELECT `e`.*, `...', Array, false)
#4 J:\My Drive\mey\ekskul\app\Models\M_ekskul.php(87): CodeIgniter\Database\BaseBuilder->get()
#5 J:\My Drive\mey\ekskul\app\Controllers\Absensi.php(24): App\Models\M_ekskul->getEkskulInstruktur('4')
#6 J:\My Drive\mey\ekskul\system\CodeIgniter.php(933): App\Controllers\Absensi->index()
#7 J:\My Drive\mey\ekskul\system\CodeIgniter.php(507): CodeIgniter\CodeIgniter->runController(Object(App\Controllers\Absensi))
#8 J:\My Drive\mey\ekskul\system\CodeIgniter.php(354): CodeIgniter\CodeIgniter->handleRequest(NULL, Object(Config\Cache), false)
#9 J:\My Drive\mey\ekskul\system\Boot.php(363): CodeIgniter\CodeIgniter->run()
#10 J:\My Drive\mey\ekskul\system\Boot.php(68): CodeIgniter\Boot::runCodeIgniter(Object(CodeIgniter\CodeIgniter))
#11 J:\My Drive\mey\ekskul\public\index.php(59): CodeIgniter\Boot::bootWeb(Object(Config\Paths))
#12 J:\My Drive\mey\ekskul\system\rewrite.php(44): require_once('J:\\My Drive\\mey...')
#13 {main}
CRITICAL - 2026-01-07 15:39:37 --> CodeIgniter\Database\Exceptions\DatabaseException: Unknown column 'guru.nama_guru' in 'field list'
[Method: GET, Route: absensi]
in SYSTEMPATH\Database\BaseConnection.php on line 684.
 1 SYSTEMPATH\Database\BaseBuilder.php(1649): CodeIgniter\Database\BaseConnection->query('SELECT `e`.*, `guru`.`nama_guru`
FROM `ekskul` `e`
JOIN `guru` ON `guru`.`id_guru` = `e`.`id_guru`
JOIN `user` ON `user`.`id_user` = `guru`.`id_user`
WHERE `user`.`id_user` = :user.id_user:', [...], false)
 2 APPPATH\Models\M_ekskul.php(87): CodeIgniter\Database\BaseBuilder->get()
 3 APPPATH\Controllers\Absensi.php(24): App\Models\M_ekskul->getEkskulInstruktur('4')
 4 SYSTEMPATH\CodeIgniter.php(933): App\Controllers\Absensi->index()
 5 SYSTEMPATH\CodeIgniter.php(507): CodeIgniter\CodeIgniter->runController(Object(App\Controllers\Absensi))
 6 SYSTEMPATH\CodeIgniter.php(354): CodeIgniter\CodeIgniter->handleRequest(null, Object(Config\Cache), false)
 7 SYSTEMPATH\Boot.php(363): CodeIgniter\CodeIgniter->run()
 8 SYSTEMPATH\Boot.php(68): CodeIgniter\Boot::runCodeIgniter(Object(CodeIgniter\CodeIgniter))
 9 FCPATH\index.php(59): CodeIgniter\Boot::bootWeb(Object(Config\Paths))
10 SYSTEMPATH\rewrite.php(44): require_once('J:\\My Drive\\mey\\ekskul\\public\\index.php')
CRITICAL - 2026-01-07 15:39:37 --> [Caused by] CodeIgniter\Database\Exceptions\DatabaseException: Unknown column 'guru.nama_guru' in 'field list'
in SYSTEMPATH\Database\MySQLi\Connection.php on line 332.
 1 SYSTEMPATH\Database\BaseConnection.php(729): CodeIgniter\Database\MySQLi\Connection->execute('SELECT `e`.*, `guru`.`nama_guru`
FROM `ekskul` `e`
JOIN `guru` ON `guru`.`id_guru` = `e`.`id_guru`
JOIN `user` ON `user`.`id_user` = `guru`.`id_user`
WHERE `user`.`id_user` = \'4\'')
 2 SYSTEMPATH\Database\BaseConnection.php(646): CodeIgniter\Database\BaseConnection->simpleQuery('SELECT `e`.*, `guru`.`nama_guru`
FROM `ekskul` `e`
JOIN `guru` ON `guru`.`id_guru` = `e`.`id_guru`
JOIN `user` ON `user`.`id_user` = `guru`.`id_user`
WHERE `user`.`id_user` = \'4\'')
 3 SYSTEMPATH\Database\BaseBuilder.php(1649): CodeIgniter\Database\BaseConnection->query('SELECT `e`.*, `guru`.`nama_guru`
FROM `ekskul` `e`
JOIN `guru` ON `guru`.`id_guru` = `e`.`id_guru`
JOIN `user` ON `user`.`id_user` = `guru`.`id_user`
WHERE `user`.`id_user` = :user.id_user:', [...], false)
 4 APPPATH\Models\M_ekskul.php(87): CodeIgniter\Database\BaseBuilder->get()
 5 APPPATH\Controllers\Absensi.php(24): App\Models\M_ekskul->getEkskulInstruktur('4')
 6 SYSTEMPATH\CodeIgniter.php(933): App\Controllers\Absensi->index()
 7 SYSTEMPATH\CodeIgniter.php(507): CodeIgniter\CodeIgniter->runController(Object(App\Controllers\Absensi))
 8 SYSTEMPATH\CodeIgniter.php(354): CodeIgniter\CodeIgniter->handleRequest(null, Object(Config\Cache), false)
 9 SYSTEMPATH\Boot.php(363): CodeIgniter\CodeIgniter->run()
10 SYSTEMPATH\Boot.php(68): CodeIgniter\Boot::runCodeIgniter(Object(CodeIgniter\CodeIgniter))
11 FCPATH\index.php(59): CodeIgniter\Boot::bootWeb(Object(Config\Paths))
12 SYSTEMPATH\rewrite.php(44): require_once('J:\\My Drive\\mey\\ekskul\\public\\index.php')
CRITICAL - 2026-01-07 15:39:37 --> [Caused by] mysqli_sql_exception: Unknown column 'guru.nama_guru' in 'field list'
in SYSTEMPATH\Database\MySQLi\Connection.php on line 327.
 1 SYSTEMPATH\Database\MySQLi\Connection.php(327): mysqli->query('SELECT `e`.*, `guru`.`nama_guru`
FROM `ekskul` `e`
JOIN `guru` ON `guru`.`id_guru` = `e`.`id_guru`
JOIN `user` ON `user`.`id_user` = `guru`.`id_user`
WHERE `user`.`id_user` = \'4\'', 0)
 2 SYSTEMPATH\Database\BaseConnection.php(729): CodeIgniter\Database\MySQLi\Connection->execute('SELECT `e`.*, `guru`.`nama_guru`
FROM `ekskul` `e`
JOIN `guru` ON `guru`.`id_guru` = `e`.`id_guru`
JOIN `user` ON `user`.`id_user` = `guru`.`id_user`
WHERE `user`.`id_user` = \'4\'')
 3 SYSTEMPATH\Database\BaseConnection.php(646): CodeIgniter\Database\BaseConnection->simpleQuery('SELECT `e`.*, `guru`.`nama_guru`
FROM `ekskul` `e`
JOIN `guru` ON `guru`.`id_guru` = `e`.`id_guru`
JOIN `user` ON `user`.`id_user` = `guru`.`id_user`
WHERE `user`.`id_user` = \'4\'')
 4 SYSTEMPATH\Database\BaseBuilder.php(1649): CodeIgniter\Database\BaseConnection->query('SELECT `e`.*, `guru`.`nama_guru`
FROM `ekskul` `e`
JOIN `guru` ON `guru`.`id_guru` = `e`.`id_guru`
JOIN `user` ON `user`.`id_user` = `guru`.`id_user`
WHERE `user`.`id_user` = :user.id_user:', [...], false)
 5 APPPATH\Models\M_ekskul.php(87): CodeIgniter\Database\BaseBuilder->get()
 6 APPPATH\Controllers\Absensi.php(24): App\Models\M_ekskul->getEkskulInstruktur('4')
 7 SYSTEMPATH\CodeIgniter.php(933): App\Controllers\Absensi->index()
 8 SYSTEMPATH\CodeIgniter.php(507): CodeIgniter\CodeIgniter->runController(Object(App\Controllers\Absensi))
 9 SYSTEMPATH\CodeIgniter.php(354): CodeIgniter\CodeIgniter->handleRequest(null, Object(Config\Cache), false)
10 SYSTEMPATH\Boot.php(363): CodeIgniter\CodeIgniter->run()
11 SYSTEMPATH\Boot.php(68): CodeIgniter\Boot::runCodeIgniter(Object(CodeIgniter\CodeIgniter))
12 FCPATH\index.php(59): CodeIgniter\Boot::bootWeb(Object(Config\Paths))
13 SYSTEMPATH\rewrite.php(44): require_once('J:\\My Drive\\mey\\ekskul\\public\\index.php')
ERROR - 2026-01-07 15:39:59 --> mysqli_sql_exception: Unknown column 'guru.nama' in 'field list' in J:\My Drive\mey\ekskul\system\Database\MySQLi\Connection.php:327
Stack trace:
#0 J:\My Drive\mey\ekskul\system\Database\MySQLi\Connection.php(327): mysqli->query('SELECT `e`.*, `...', 0)
#1 J:\My Drive\mey\ekskul\system\Database\BaseConnection.php(729): CodeIgniter\Database\MySQLi\Connection->execute('SELECT `e`.*, `...')
#2 J:\My Drive\mey\ekskul\system\Database\BaseConnection.php(646): CodeIgniter\Database\BaseConnection->simpleQuery('SELECT `e`.*, `...')
#3 J:\My Drive\mey\ekskul\system\Database\BaseBuilder.php(1649): CodeIgniter\Database\BaseConnection->query('SELECT `e`.*, `...', Array, false)
#4 J:\My Drive\mey\ekskul\app\Models\M_ekskul.php(87): CodeIgniter\Database\BaseBuilder->get()
#5 J:\My Drive\mey\ekskul\app\Controllers\Absensi.php(24): App\Models\M_ekskul->getEkskulInstruktur('4')
#6 J:\My Drive\mey\ekskul\system\CodeIgniter.php(933): App\Controllers\Absensi->index()
#7 J:\My Drive\mey\ekskul\system\CodeIgniter.php(507): CodeIgniter\CodeIgniter->runController(Object(App\Controllers\Absensi))
#8 J:\My Drive\mey\ekskul\system\CodeIgniter.php(354): CodeIgniter\CodeIgniter->handleRequest(NULL, Object(Config\Cache), false)
#9 J:\My Drive\mey\ekskul\system\Boot.php(363): CodeIgniter\CodeIgniter->run()
#10 J:\My Drive\mey\ekskul\system\Boot.php(68): CodeIgniter\Boot::runCodeIgniter(Object(CodeIgniter\CodeIgniter))
#11 J:\My Drive\mey\ekskul\public\index.php(59): CodeIgniter\Boot::bootWeb(Object(Config\Paths))
#12 J:\My Drive\mey\ekskul\system\rewrite.php(44): require_once('J:\\My Drive\\mey...')
#13 {main}
CRITICAL - 2026-01-07 15:39:59 --> CodeIgniter\Database\Exceptions\DatabaseException: Unknown column 'guru.nama' in 'field list'
[Method: GET, Route: absensi]
in SYSTEMPATH\Database\BaseConnection.php on line 684.
 1 SYSTEMPATH\Database\BaseBuilder.php(1649): CodeIgniter\Database\BaseConnection->query('SELECT `e`.*, `guru`.`nama`
FROM `ekskul` `e`
JOIN `guru` ON `guru`.`id_guru` = `e`.`id_guru`
JOIN `user` ON `user`.`id_user` = `guru`.`id_user`
WHERE `user`.`id_user` = :user.id_user:', [...], false)
 2 APPPATH\Models\M_ekskul.php(87): CodeIgniter\Database\BaseBuilder->get()
 3 APPPATH\Controllers\Absensi.php(24): App\Models\M_ekskul->getEkskulInstruktur('4')
 4 SYSTEMPATH\CodeIgniter.php(933): App\Controllers\Absensi->index()
 5 SYSTEMPATH\CodeIgniter.php(507): CodeIgniter\CodeIgniter->runController(Object(App\Controllers\Absensi))
 6 SYSTEMPATH\CodeIgniter.php(354): CodeIgniter\CodeIgniter->handleRequest(null, Object(Config\Cache), false)
 7 SYSTEMPATH\Boot.php(363): CodeIgniter\CodeIgniter->run()
 8 SYSTEMPATH\Boot.php(68): CodeIgniter\Boot::runCodeIgniter(Object(CodeIgniter\CodeIgniter))
 9 FCPATH\index.php(59): CodeIgniter\Boot::bootWeb(Object(Config\Paths))
10 SYSTEMPATH\rewrite.php(44): require_once('J:\\My Drive\\mey\\ekskul\\public\\index.php')
CRITICAL - 2026-01-07 15:39:59 --> [Caused by] CodeIgniter\Database\Exceptions\DatabaseException: Unknown column 'guru.nama' in 'field list'
in SYSTEMPATH\Database\MySQLi\Connection.php on line 332.
 1 SYSTEMPATH\Database\BaseConnection.php(729): CodeIgniter\Database\MySQLi\Connection->execute('SELECT `e`.*, `guru`.`nama`
FROM `ekskul` `e`
JOIN `guru` ON `guru`.`id_guru` = `e`.`id_guru`
JOIN `user` ON `user`.`id_user` = `guru`.`id_user`
WHERE `user`.`id_user` = \'4\'')
 2 SYSTEMPATH\Database\BaseConnection.php(646): CodeIgniter\Database\BaseConnection->simpleQuery('SELECT `e`.*, `guru`.`nama`
FROM `ekskul` `e`
JOIN `guru` ON `guru`.`id_guru` = `e`.`id_guru`
JOIN `user` ON `user`.`id_user` = `guru`.`id_user`
WHERE `user`.`id_user` = \'4\'')
 3 SYSTEMPATH\Database\BaseBuilder.php(1649): CodeIgniter\Database\BaseConnection->query('SELECT `e`.*, `guru`.`nama`
FROM `ekskul` `e`
JOIN `guru` ON `guru`.`id_guru` = `e`.`id_guru`
JOIN `user` ON `user`.`id_user` = `guru`.`id_user`
WHERE `user`.`id_user` = :user.id_user:', [...], false)
 4 APPPATH\Models\M_ekskul.php(87): CodeIgniter\Database\BaseBuilder->get()
 5 APPPATH\Controllers\Absensi.php(24): App\Models\M_ekskul->getEkskulInstruktur('4')
 6 SYSTEMPATH\CodeIgniter.php(933): App\Controllers\Absensi->index()
 7 SYSTEMPATH\CodeIgniter.php(507): CodeIgniter\CodeIgniter->runController(Object(App\Controllers\Absensi))
 8 SYSTEMPATH\CodeIgniter.php(354): CodeIgniter\CodeIgniter->handleRequest(null, Object(Config\Cache), false)
 9 SYSTEMPATH\Boot.php(363): CodeIgniter\CodeIgniter->run()
10 SYSTEMPATH\Boot.php(68): CodeIgniter\Boot::runCodeIgniter(Object(CodeIgniter\CodeIgniter))
11 FCPATH\index.php(59): CodeIgniter\Boot::bootWeb(Object(Config\Paths))
12 SYSTEMPATH\rewrite.php(44): require_once('J:\\My Drive\\mey\\ekskul\\public\\index.php')
CRITICAL - 2026-01-07 15:39:59 --> [Caused by] mysqli_sql_exception: Unknown column 'guru.nama' in 'field list'
in SYSTEMPATH\Database\MySQLi\Connection.php on line 327.
 1 SYSTEMPATH\Database\MySQLi\Connection.php(327): mysqli->query('SELECT `e`.*, `guru`.`nama`
FROM `ekskul` `e`
JOIN `guru` ON `guru`.`id_guru` = `e`.`id_guru`
JOIN `user` ON `user`.`id_user` = `guru`.`id_user`
WHERE `user`.`id_user` = \'4\'', 0)
 2 SYSTEMPATH\Database\BaseConnection.php(729): CodeIgniter\Database\MySQLi\Connection->execute('SELECT `e`.*, `guru`.`nama`
FROM `ekskul` `e`
JOIN `guru` ON `guru`.`id_guru` = `e`.`id_guru`
JOIN `user` ON `user`.`id_user` = `guru`.`id_user`
WHERE `user`.`id_user` = \'4\'')
 3 SYSTEMPATH\Database\BaseConnection.php(646): CodeIgniter\Database\BaseConnection->simpleQuery('SELECT `e`.*, `guru`.`nama`
FROM `ekskul` `e`
JOIN `guru` ON `guru`.`id_guru` = `e`.`id_guru`
JOIN `user` ON `user`.`id_user` = `guru`.`id_user`
WHERE `user`.`id_user` = \'4\'')
 4 SYSTEMPATH\Database\BaseBuilder.php(1649): CodeIgniter\Database\BaseConnection->query('SELECT `e`.*, `guru`.`nama`
FROM `ekskul` `e`
JOIN `guru` ON `guru`.`id_guru` = `e`.`id_guru`
JOIN `user` ON `user`.`id_user` = `guru`.`id_user`
WHERE `user`.`id_user` = :user.id_user:', [...], false)
 5 APPPATH\Models\M_ekskul.php(87): CodeIgniter\Database\BaseBuilder->get()
 6 APPPATH\Controllers\Absensi.php(24): App\Models\M_ekskul->getEkskulInstruktur('4')
 7 SYSTEMPATH\CodeIgniter.php(933): App\Controllers\Absensi->index()
 8 SYSTEMPATH\CodeIgniter.php(507): CodeIgniter\CodeIgniter->runController(Object(App\Controllers\Absensi))
 9 SYSTEMPATH\CodeIgniter.php(354): CodeIgniter\CodeIgniter->handleRequest(null, Object(Config\Cache), false)
10 SYSTEMPATH\Boot.php(363): CodeIgniter\CodeIgniter->run()
11 SYSTEMPATH\Boot.php(68): CodeIgniter\Boot::runCodeIgniter(Object(CodeIgniter\CodeIgniter))
12 FCPATH\index.php(59): CodeIgniter\Boot::bootWeb(Object(Config\Paths))
13 SYSTEMPATH\rewrite.php(44): require_once('J:\\My Drive\\mey\\ekskul\\public\\index.php')
CRITICAL - 2026-01-07 15:40:23 --> ErrorException: Undefined property: stdClass::$nama_guru
[Method: GET, Route: absensi]
in APPPATH\Views\absensi\absensi.php on line 23.
 1 APPPATH\Views\absensi\absensi.php(23): CodeIgniter\Debug\Exceptions->errorHandler(2, 'Undefined property: stdClass::$nama_guru', 'J:\\My Drive\\mey\\ekskul\\app\\Views\\absensi\\absensi.php', 23)
 2 SYSTEMPATH\View\View.php(226): include('J:\\My Drive\\mey\\ekskul\\app\\Views\\absensi\\absensi.php')
 3 SYSTEMPATH\View\View.php(229): CodeIgniter\View\View->CodeIgniter\View\{closure}()
 4 SYSTEMPATH\Common.php(1199): CodeIgniter\View\View->render('/absensi/absensi', [], true)
 5 APPPATH\Controllers\Absensi.php(33): view('/absensi/absensi', [...])
 6 SYSTEMPATH\CodeIgniter.php(933): App\Controllers\Absensi->index()
 7 SYSTEMPATH\CodeIgniter.php(507): CodeIgniter\CodeIgniter->runController(Object(App\Controllers\Absensi))
 8 SYSTEMPATH\CodeIgniter.php(354): CodeIgniter\CodeIgniter->handleRequest(null, Object(Config\Cache), false)
 9 SYSTEMPATH\Boot.php(363): CodeIgniter\CodeIgniter->run()
10 SYSTEMPATH\Boot.php(68): CodeIgniter\Boot::runCodeIgniter(Object(CodeIgniter\CodeIgniter))
11 FCPATH\index.php(59): CodeIgniter\Boot::bootWeb(Object(Config\Paths))
12 SYSTEMPATH\rewrite.php(44): require_once('J:\\My Drive\\mey\\ekskul\\public\\index.php')
CRITICAL - 2026-01-07 15:40:41 --> ErrorException: Undefined property: stdClass::$tanggal_absensi
[Method: GET, Route: absensi]
in APPPATH\Views\absensi\absensi.php on line 50.
 1 APPPATH\Views\absensi\absensi.php(50): CodeIgniter\Debug\Exceptions->errorHandler(2, 'Undefined property: stdClass::$tanggal_absensi', 'J:\\My Drive\\mey\\ekskul\\app\\Views\\absensi\\absensi.php', 50)
 2 SYSTEMPATH\View\View.php(226): include('J:\\My Drive\\mey\\ekskul\\app\\Views\\absensi\\absensi.php')
 3 SYSTEMPATH\View\View.php(229): CodeIgniter\View\View->CodeIgniter\View\{closure}()
 4 SYSTEMPATH\Common.php(1199): CodeIgniter\View\View->render('/absensi/absensi', [], true)
 5 APPPATH\Controllers\Absensi.php(33): view('/absensi/absensi', [...])
 6 SYSTEMPATH\CodeIgniter.php(933): App\Controllers\Absensi->index()
 7 SYSTEMPATH\CodeIgniter.php(507): CodeIgniter\CodeIgniter->runController(Object(App\Controllers\Absensi))
 8 SYSTEMPATH\CodeIgniter.php(354): CodeIgniter\CodeIgniter->handleRequest(null, Object(Config\Cache), false)
 9 SYSTEMPATH\Boot.php(363): CodeIgniter\CodeIgniter->run()
10 SYSTEMPATH\Boot.php(68): CodeIgniter\Boot::runCodeIgniter(Object(CodeIgniter\CodeIgniter))
11 FCPATH\index.php(59): CodeIgniter\Boot::bootWeb(Object(Config\Paths))
12 SYSTEMPATH\rewrite.php(44): require_once('J:\\My Drive\\mey\\ekskul\\public\\index.php')
CRITICAL - 2026-01-07 15:40:51 --> ErrorException: Undefined property: stdClass::$tanggal
[Method: GET, Route: absensi]
in APPPATH\Views\absensi\absensi.php on line 50.
 1 APPPATH\Views\absensi\absensi.php(50): CodeIgniter\Debug\Exceptions->errorHandler(2, 'Undefined property: stdClass::$tanggal', 'J:\\My Drive\\mey\\ekskul\\app\\Views\\absensi\\absensi.php', 50)
 2 SYSTEMPATH\View\View.php(226): include('J:\\My Drive\\mey\\ekskul\\app\\Views\\absensi\\absensi.php')
 3 SYSTEMPATH\View\View.php(229): CodeIgniter\View\View->CodeIgniter\View\{closure}()
 4 SYSTEMPATH\Common.php(1199): CodeIgniter\View\View->render('/absensi/absensi', [], true)
 5 APPPATH\Controllers\Absensi.php(33): view('/absensi/absensi', [...])
 6 SYSTEMPATH\CodeIgniter.php(933): App\Controllers\Absensi->index()
 7 SYSTEMPATH\CodeIgniter.php(507): CodeIgniter\CodeIgniter->runController(Object(App\Controllers\Absensi))
 8 SYSTEMPATH\CodeIgniter.php(354): CodeIgniter\CodeIgniter->handleRequest(null, Object(Config\Cache), false)
 9 SYSTEMPATH\Boot.php(363): CodeIgniter\CodeIgniter->run()
10 SYSTEMPATH\Boot.php(68): CodeIgniter\Boot::runCodeIgniter(Object(CodeIgniter\CodeIgniter))
11 FCPATH\index.php(59): CodeIgniter\Boot::bootWeb(Object(Config\Paths))
12 SYSTEMPATH\rewrite.php(44): require_once('J:\\My Drive\\mey\\ekskul\\public\\index.php')
ERROR - 2026-01-07 15:42:13 --> mysqli_sql_exception: Unknown table 'ekskul.e' in J:\My Drive\mey\ekskul\system\Database\MySQLi\Connection.php:327
Stack trace:
#0 J:\My Drive\mey\ekskul\system\Database\MySQLi\Connection.php(327): mysqli->query('SELECT `e`.*, `...', 0)
#1 J:\My Drive\mey\ekskul\system\Database\BaseConnection.php(729): CodeIgniter\Database\MySQLi\Connection->execute('SELECT `e`.*, `...')
#2 J:\My Drive\mey\ekskul\system\Database\BaseConnection.php(646): CodeIgniter\Database\BaseConnection->simpleQuery('SELECT `e`.*, `...')
#3 J:\My Drive\mey\ekskul\system\Database\BaseBuilder.php(1649): CodeIgniter\Database\BaseConnection->query('SELECT `e`.*, `...', Array, false)
#4 J:\My Drive\mey\ekskul\app\Models\M_ekskul.php(97): CodeIgniter\Database\BaseBuilder->get()
#5 J:\My Drive\mey\ekskul\app\Controllers\Absensi.php(24): App\Models\M_ekskul->getEkskulInstruktur('4')
#6 J:\My Drive\mey\ekskul\system\CodeIgniter.php(933): App\Controllers\Absensi->index()
#7 J:\My Drive\mey\ekskul\system\CodeIgniter.php(507): CodeIgniter\CodeIgniter->runController(Object(App\Controllers\Absensi))
#8 J:\My Drive\mey\ekskul\system\CodeIgniter.php(354): CodeIgniter\CodeIgniter->handleRequest(NULL, Object(Config\Cache), false)
#9 J:\My Drive\mey\ekskul\system\Boot.php(363): CodeIgniter\CodeIgniter->run()
#10 J:\My Drive\mey\ekskul\system\Boot.php(68): CodeIgniter\Boot::runCodeIgniter(Object(CodeIgniter\CodeIgniter))
#11 J:\My Drive\mey\ekskul\public\index.php(59): CodeIgniter\Boot::bootWeb(Object(Config\Paths))
#12 J:\My Drive\mey\ekskul\system\rewrite.php(44): require_once('J:\\My Drive\\mey...')
#13 {main}
CRITICAL - 2026-01-07 15:42:13 --> CodeIgniter\Database\Exceptions\DatabaseException: Unknown table 'ekskul.e'
[Method: GET, Route: absensi]
in SYSTEMPATH\Database\BaseConnection.php on line 684.
 1 SYSTEMPATH\Database\BaseBuilder.php(1649): CodeIgniter\Database\BaseConnection->query('SELECT `e`.*, `user`.`nama`
FROM `ekskul`
JOIN `guru` ON `guru`.`id_guru` = `e`.`id_guru`
JOIN `user` ON `user`.`id_user` = `guru`.`id_user`
WHERE `user`.`id_user` = :user.id_user:', [...], false)
 2 APPPATH\Models\M_ekskul.php(97): CodeIgniter\Database\BaseBuilder->get()
 3 APPPATH\Controllers\Absensi.php(24): App\Models\M_ekskul->getEkskulInstruktur('4')
 4 SYSTEMPATH\CodeIgniter.php(933): App\Controllers\Absensi->index()
 5 SYSTEMPATH\CodeIgniter.php(507): CodeIgniter\CodeIgniter->runController(Object(App\Controllers\Absensi))
 6 SYSTEMPATH\CodeIgniter.php(354): CodeIgniter\CodeIgniter->handleRequest(null, Object(Config\Cache), false)
 7 SYSTEMPATH\Boot.php(363): CodeIgniter\CodeIgniter->run()
 8 SYSTEMPATH\Boot.php(68): CodeIgniter\Boot::runCodeIgniter(Object(CodeIgniter\CodeIgniter))
 9 FCPATH\index.php(59): CodeIgniter\Boot::bootWeb(Object(Config\Paths))
10 SYSTEMPATH\rewrite.php(44): require_once('J:\\My Drive\\mey\\ekskul\\public\\index.php')
CRITICAL - 2026-01-07 15:42:13 --> [Caused by] CodeIgniter\Database\Exceptions\DatabaseException: Unknown table 'ekskul.e'
in SYSTEMPATH\Database\MySQLi\Connection.php on line 332.
 1 SYSTEMPATH\Database\BaseConnection.php(729): CodeIgniter\Database\MySQLi\Connection->execute('SELECT `e`.*, `user`.`nama`
FROM `ekskul`
JOIN `guru` ON `guru`.`id_guru` = `e`.`id_guru`
JOIN `user` ON `user`.`id_user` = `guru`.`id_user`
WHERE `user`.`id_user` = \'4\'')
 2 SYSTEMPATH\Database\BaseConnection.php(646): CodeIgniter\Database\BaseConnection->simpleQuery('SELECT `e`.*, `user`.`nama`
FROM `ekskul`
JOIN `guru` ON `guru`.`id_guru` = `e`.`id_guru`
JOIN `user` ON `user`.`id_user` = `guru`.`id_user`
WHERE `user`.`id_user` = \'4\'')
 3 SYSTEMPATH\Database\BaseBuilder.php(1649): CodeIgniter\Database\BaseConnection->query('SELECT `e`.*, `user`.`nama`
FROM `ekskul`
JOIN `guru` ON `guru`.`id_guru` = `e`.`id_guru`
JOIN `user` ON `user`.`id_user` = `guru`.`id_user`
WHERE `user`.`id_user` = :user.id_user:', [...], false)
 4 APPPATH\Models\M_ekskul.php(97): CodeIgniter\Database\BaseBuilder->get()
 5 APPPATH\Controllers\Absensi.php(24): App\Models\M_ekskul->getEkskulInstruktur('4')
 6 SYSTEMPATH\CodeIgniter.php(933): App\Controllers\Absensi->index()
 7 SYSTEMPATH\CodeIgniter.php(507): CodeIgniter\CodeIgniter->runController(Object(App\Controllers\Absensi))
 8 SYSTEMPATH\CodeIgniter.php(354): CodeIgniter\CodeIgniter->handleRequest(null, Object(Config\Cache), false)
 9 SYSTEMPATH\Boot.php(363): CodeIgniter\CodeIgniter->run()
10 SYSTEMPATH\Boot.php(68): CodeIgniter\Boot::runCodeIgniter(Object(CodeIgniter\CodeIgniter))
11 FCPATH\index.php(59): CodeIgniter\Boot::bootWeb(Object(Config\Paths))
12 SYSTEMPATH\rewrite.php(44): require_once('J:\\My Drive\\mey\\ekskul\\public\\index.php')
CRITICAL - 2026-01-07 15:42:13 --> [Caused by] mysqli_sql_exception: Unknown table 'ekskul.e'
in SYSTEMPATH\Database\MySQLi\Connection.php on line 327.
 1 SYSTEMPATH\Database\MySQLi\Connection.php(327): mysqli->query('SELECT `e`.*, `user`.`nama`
FROM `ekskul`
JOIN `guru` ON `guru`.`id_guru` = `e`.`id_guru`
JOIN `user` ON `user`.`id_user` = `guru`.`id_user`
WHERE `user`.`id_user` = \'4\'', 0)
 2 SYSTEMPATH\Database\BaseConnection.php(729): CodeIgniter\Database\MySQLi\Connection->execute('SELECT `e`.*, `user`.`nama`
FROM `ekskul`
JOIN `guru` ON `guru`.`id_guru` = `e`.`id_guru`
JOIN `user` ON `user`.`id_user` = `guru`.`id_user`
WHERE `user`.`id_user` = \'4\'')
 3 SYSTEMPATH\Database\BaseConnection.php(646): CodeIgniter\Database\BaseConnection->simpleQuery('SELECT `e`.*, `user`.`nama`
FROM `ekskul`
JOIN `guru` ON `guru`.`id_guru` = `e`.`id_guru`
JOIN `user` ON `user`.`id_user` = `guru`.`id_user`
WHERE `user`.`id_user` = \'4\'')
 4 SYSTEMPATH\Database\BaseBuilder.php(1649): CodeIgniter\Database\BaseConnection->query('SELECT `e`.*, `user`.`nama`
FROM `ekskul`
JOIN `guru` ON `guru`.`id_guru` = `e`.`id_guru`
JOIN `user` ON `user`.`id_user` = `guru`.`id_user`
WHERE `user`.`id_user` = :user.id_user:', [...], false)
 5 APPPATH\Models\M_ekskul.php(97): CodeIgniter\Database\BaseBuilder->get()
 6 APPPATH\Controllers\Absensi.php(24): App\Models\M_ekskul->getEkskulInstruktur('4')
 7 SYSTEMPATH\CodeIgniter.php(933): App\Controllers\Absensi->index()
 8 SYSTEMPATH\CodeIgniter.php(507): CodeIgniter\CodeIgniter->runController(Object(App\Controllers\Absensi))
 9 SYSTEMPATH\CodeIgniter.php(354): CodeIgniter\CodeIgniter->handleRequest(null, Object(Config\Cache), false)
10 SYSTEMPATH\Boot.php(363): CodeIgniter\CodeIgniter->run()
11 SYSTEMPATH\Boot.php(68): CodeIgniter\Boot::runCodeIgniter(Object(CodeIgniter\CodeIgniter))
12 FCPATH\index.php(59): CodeIgniter\Boot::bootWeb(Object(Config\Paths))
13 SYSTEMPATH\rewrite.php(44): require_once('J:\\My Drive\\mey\\ekskul\\public\\index.php')
ERROR - 2026-01-07 15:42:24 --> mysqli_sql_exception: Unknown column 'pendaftaran.id_ekskul' in 'where clause' in J:\My Drive\mey\ekskul\system\Database\MySQLi\Connection.php:327
Stack trace:
#0 J:\My Drive\mey\ekskul\system\Database\MySQLi\Connection.php(327): mysqli->query('SELECT `id_abse...', 0)
#1 J:\My Drive\mey\ekskul\system\Database\BaseConnection.php(729): CodeIgniter\Database\MySQLi\Connection->execute('SELECT `id_abse...')
#2 J:\My Drive\mey\ekskul\system\Database\BaseConnection.php(646): CodeIgniter\Database\BaseConnection->simpleQuery('SELECT `id_abse...')
#3 J:\My Drive\mey\ekskul\system\Database\BaseBuilder.php(1649): CodeIgniter\Database\BaseConnection->query('SELECT `id_abse...', Array, false)
#4 J:\My Drive\mey\ekskul\app\Models\M_ekskul.php(106): CodeIgniter\Database\BaseBuilder->get()
#5 J:\My Drive\mey\ekskul\app\Controllers\Absensi.php(24): App\Models\M_ekskul->getEkskulInstruktur('4')
#6 J:\My Drive\mey\ekskul\system\CodeIgniter.php(933): App\Controllers\Absensi->index()
#7 J:\My Drive\mey\ekskul\system\CodeIgniter.php(507): CodeIgniter\CodeIgniter->runController(Object(App\Controllers\Absensi))
#8 J:\My Drive\mey\ekskul\system\CodeIgniter.php(354): CodeIgniter\CodeIgniter->handleRequest(NULL, Object(Config\Cache), false)
#9 J:\My Drive\mey\ekskul\system\Boot.php(363): CodeIgniter\CodeIgniter->run()
#10 J:\My Drive\mey\ekskul\system\Boot.php(68): CodeIgniter\Boot::runCodeIgniter(Object(CodeIgniter\CodeIgniter))
#11 J:\My Drive\mey\ekskul\public\index.php(59): CodeIgniter\Boot::bootWeb(Object(Config\Paths))
#12 J:\My Drive\mey\ekskul\system\rewrite.php(44): require_once('J:\\My Drive\\mey...')
#13 {main}
CRITICAL - 2026-01-07 15:42:24 --> CodeIgniter\Database\Exceptions\DatabaseException: Unknown column 'pendaftaran.id_ekskul' in 'where clause'
[Method: GET, Route: absensi]
in SYSTEMPATH\Database\BaseConnection.php on line 684.
 1 SYSTEMPATH\Database\BaseBuilder.php(1649): CodeIgniter\Database\BaseConnection->query('SELECT `id_absensi`, `tanggal`
FROM `absensi`
JOIN `pendaftaran` ON `pendaftaran`.`id_pendaftaran` = `absensi`.`id_pendaftaran`
WHERE `pendaftaran`.`id_ekskul` = :pendaftaran.id_ekskul:
GROUP BY `tanggal`', [...], false)
 2 APPPATH\Models\M_ekskul.php(106): CodeIgniter\Database\BaseBuilder->get()
 3 APPPATH\Controllers\Absensi.php(24): App\Models\M_ekskul->getEkskulInstruktur('4')
 4 SYSTEMPATH\CodeIgniter.php(933): App\Controllers\Absensi->index()
 5 SYSTEMPATH\CodeIgniter.php(507): CodeIgniter\CodeIgniter->runController(Object(App\Controllers\Absensi))
 6 SYSTEMPATH\CodeIgniter.php(354): CodeIgniter\CodeIgniter->handleRequest(null, Object(Config\Cache), false)
 7 SYSTEMPATH\Boot.php(363): CodeIgniter\CodeIgniter->run()
 8 SYSTEMPATH\Boot.php(68): CodeIgniter\Boot::runCodeIgniter(Object(CodeIgniter\CodeIgniter))
 9 FCPATH\index.php(59): CodeIgniter\Boot::bootWeb(Object(Config\Paths))
10 SYSTEMPATH\rewrite.php(44): require_once('J:\\My Drive\\mey\\ekskul\\public\\index.php')
CRITICAL - 2026-01-07 15:42:24 --> [Caused by] CodeIgniter\Database\Exceptions\DatabaseException: Unknown column 'pendaftaran.id_ekskul' in 'where clause'
in SYSTEMPATH\Database\MySQLi\Connection.php on line 332.
 1 SYSTEMPATH\Database\BaseConnection.php(729): CodeIgniter\Database\MySQLi\Connection->execute('SELECT `id_absensi`, `tanggal`
FROM `absensi`
JOIN `pendaftaran` ON `pendaftaran`.`id_pendaftaran` = `absensi`.`id_pendaftaran`
WHERE `pendaftaran`.`id_ekskul` = \'1\'
GROUP BY `tanggal`')
 2 SYSTEMPATH\Database\BaseConnection.php(646): CodeIgniter\Database\BaseConnection->simpleQuery('SELECT `id_absensi`, `tanggal`
FROM `absensi`
JOIN `pendaftaran` ON `pendaftaran`.`id_pendaftaran` = `absensi`.`id_pendaftaran`
WHERE `pendaftaran`.`id_ekskul` = \'1\'
GROUP BY `tanggal`')
 3 SYSTEMPATH\Database\BaseBuilder.php(1649): CodeIgniter\Database\BaseConnection->query('SELECT `id_absensi`, `tanggal`
FROM `absensi`
JOIN `pendaftaran` ON `pendaftaran`.`id_pendaftaran` = `absensi`.`id_pendaftaran`
WHERE `pendaftaran`.`id_ekskul` = :pendaftaran.id_ekskul:
GROUP BY `tanggal`', [...], false)
 4 APPPATH\Models\M_ekskul.php(106): CodeIgniter\Database\BaseBuilder->get()
 5 APPPATH\Controllers\Absensi.php(24): App\Models\M_ekskul->getEkskulInstruktur('4')
 6 SYSTEMPATH\CodeIgniter.php(933): App\Controllers\Absensi->index()
 7 SYSTEMPATH\CodeIgniter.php(507): CodeIgniter\CodeIgniter->runController(Object(App\Controllers\Absensi))
 8 SYSTEMPATH\CodeIgniter.php(354): CodeIgniter\CodeIgniter->handleRequest(null, Object(Config\Cache), false)
 9 SYSTEMPATH\Boot.php(363): CodeIgniter\CodeIgniter->run()
10 SYSTEMPATH\Boot.php(68): CodeIgniter\Boot::runCodeIgniter(Object(CodeIgniter\CodeIgniter))
11 FCPATH\index.php(59): CodeIgniter\Boot::bootWeb(Object(Config\Paths))
12 SYSTEMPATH\rewrite.php(44): require_once('J:\\My Drive\\mey\\ekskul\\public\\index.php')
CRITICAL - 2026-01-07 15:42:25 --> [Caused by] mysqli_sql_exception: Unknown column 'pendaftaran.id_ekskul' in 'where clause'
in SYSTEMPATH\Database\MySQLi\Connection.php on line 327.
 1 SYSTEMPATH\Database\MySQLi\Connection.php(327): mysqli->query('SELECT `id_absensi`, `tanggal`
FROM `absensi`
JOIN `pendaftaran` ON `pendaftaran`.`id_pendaftaran` = `absensi`.`id_pendaftaran`
WHERE `pendaftaran`.`id_ekskul` = \'1\'
GROUP BY `tanggal`', 0)
 2 SYSTEMPATH\Database\BaseConnection.php(729): CodeIgniter\Database\MySQLi\Connection->execute('SELECT `id_absensi`, `tanggal`
FROM `absensi`
JOIN `pendaftaran` ON `pendaftaran`.`id_pendaftaran` = `absensi`.`id_pendaftaran`
WHERE `pendaftaran`.`id_ekskul` = \'1\'
GROUP BY `tanggal`')
 3 SYSTEMPATH\Database\BaseConnection.php(646): CodeIgniter\Database\BaseConnection->simpleQuery('SELECT `id_absensi`, `tanggal`
FROM `absensi`
JOIN `pendaftaran` ON `pendaftaran`.`id_pendaftaran` = `absensi`.`id_pendaftaran`
WHERE `pendaftaran`.`id_ekskul` = \'1\'
GROUP BY `tanggal`')
 4 SYSTEMPATH\Database\BaseBuilder.php(1649): CodeIgniter\Database\BaseConnection->query('SELECT `id_absensi`, `tanggal`
FROM `absensi`
JOIN `pendaftaran` ON `pendaftaran`.`id_pendaftaran` = `absensi`.`id_pendaftaran`
WHERE `pendaftaran`.`id_ekskul` = :pendaftaran.id_ekskul:
GROUP BY `tanggal`', [...], false)
 5 APPPATH\Models\M_ekskul.php(106): CodeIgniter\Database\BaseBuilder->get()
 6 APPPATH\Controllers\Absensi.php(24): App\Models\M_ekskul->getEkskulInstruktur('4')
 7 SYSTEMPATH\CodeIgniter.php(933): App\Controllers\Absensi->index()
 8 SYSTEMPATH\CodeIgniter.php(507): CodeIgniter\CodeIgniter->runController(Object(App\Controllers\Absensi))
 9 SYSTEMPATH\CodeIgniter.php(354): CodeIgniter\CodeIgniter->handleRequest(null, Object(Config\Cache), false)
10 SYSTEMPATH\Boot.php(363): CodeIgniter\CodeIgniter->run()
11 SYSTEMPATH\Boot.php(68): CodeIgniter\Boot::runCodeIgniter(Object(CodeIgniter\CodeIgniter))
12 FCPATH\index.php(59): CodeIgniter\Boot::bootWeb(Object(Config\Paths))
13 SYSTEMPATH\rewrite.php(44): require_once('J:\\My Drive\\mey\\ekskul\\public\\index.php')
CRITICAL - 2026-01-07 15:43:06 --> ErrorException: Undefined property: stdClass::$tanggal
[Method: GET, Route: absensi]
in APPPATH\Views\absensi\absensi.php on line 50.
 1 APPPATH\Views\absensi\absensi.php(50): CodeIgniter\Debug\Exceptions->errorHandler(2, 'Undefined property: stdClass::$tanggal', 'J:\\My Drive\\mey\\ekskul\\app\\Views\\absensi\\absensi.php', 50)
 2 SYSTEMPATH\View\View.php(226): include('J:\\My Drive\\mey\\ekskul\\app\\Views\\absensi\\absensi.php')
 3 SYSTEMPATH\View\View.php(229): CodeIgniter\View\View->CodeIgniter\View\{closure}()
 4 SYSTEMPATH\Common.php(1199): CodeIgniter\View\View->render('/absensi/absensi', [], true)
 5 APPPATH\Controllers\Absensi.php(33): view('/absensi/absensi', [...])
 6 SYSTEMPATH\CodeIgniter.php(933): App\Controllers\Absensi->index()
 7 SYSTEMPATH\CodeIgniter.php(507): CodeIgniter\CodeIgniter->runController(Object(App\Controllers\Absensi))
 8 SYSTEMPATH\CodeIgniter.php(354): CodeIgniter\CodeIgniter->handleRequest(null, Object(Config\Cache), false)
 9 SYSTEMPATH\Boot.php(363): CodeIgniter\CodeIgniter->run()
10 SYSTEMPATH\Boot.php(68): CodeIgniter\Boot::runCodeIgniter(Object(CodeIgniter\CodeIgniter))
11 FCPATH\index.php(59): CodeIgniter\Boot::bootWeb(Object(Config\Paths))
12 SYSTEMPATH\rewrite.php(44): require_once('J:\\My Drive\\mey\\ekskul\\public\\index.php')
CRITICAL - 2026-01-07 15:43:45 --> ErrorException: Undefined property: stdClass::$id_pendaftaran
[Method: GET, Route: absensi]
in APPPATH\Views\absensi\absensi.php on line 93.
 1 APPPATH\Views\absensi\absensi.php(93): CodeIgniter\Debug\Exceptions->errorHandler(2, 'Undefined property: stdClass::$id_pendaftaran', 'J:\\My Drive\\mey\\ekskul\\app\\Views\\absensi\\absensi.php', 93)
 2 SYSTEMPATH\View\View.php(226): include('J:\\My Drive\\mey\\ekskul\\app\\Views\\absensi\\absensi.php')
 3 SYSTEMPATH\View\View.php(229): CodeIgniter\View\View->CodeIgniter\View\{closure}()
 4 SYSTEMPATH\Common.php(1199): CodeIgniter\View\View->render('/absensi/absensi', [], true)
 5 APPPATH\Controllers\Absensi.php(33): view('/absensi/absensi', [...])
 6 SYSTEMPATH\CodeIgniter.php(933): App\Controllers\Absensi->index()
 7 SYSTEMPATH\CodeIgniter.php(507): CodeIgniter\CodeIgniter->runController(Object(App\Controllers\Absensi))
 8 SYSTEMPATH\CodeIgniter.php(354): CodeIgniter\CodeIgniter->handleRequest(null, Object(Config\Cache), false)
 9 SYSTEMPATH\Boot.php(363): CodeIgniter\CodeIgniter->run()
10 SYSTEMPATH\Boot.php(68): CodeIgniter\Boot::runCodeIgniter(Object(CodeIgniter\CodeIgniter))
11 FCPATH\index.php(59): CodeIgniter\Boot::bootWeb(Object(Config\Paths))
12 SYSTEMPATH\rewrite.php(44): require_once('J:\\My Drive\\mey\\ekskul\\public\\index.php')
CRITICAL - 2026-01-07 15:44:40 --> ArgumentCountError: Too few arguments to function App\Models\M_ekskul::getPesertaByEkskul(), 0 passed in J:\My Drive\mey\ekskul\app\Controllers\Absensi.php on line 23 and exactly 1 expected
[Method: GET, Route: absensi]
in APPPATH\Models\M_ekskul.php on line 125.
 1 APPPATH\Controllers\Absensi.php(23): App\Models\M_ekskul->getPesertaByEkskul()
 2 SYSTEMPATH\CodeIgniter.php(933): App\Controllers\Absensi->index()
 3 SYSTEMPATH\CodeIgniter.php(507): CodeIgniter\CodeIgniter->runController(Object(App\Controllers\Absensi))
 4 SYSTEMPATH\CodeIgniter.php(354): CodeIgniter\CodeIgniter->handleRequest(null, Object(Config\Cache), false)
 5 SYSTEMPATH\Boot.php(363): CodeIgniter\CodeIgniter->run()
 6 SYSTEMPATH\Boot.php(68): CodeIgniter\Boot::runCodeIgniter(Object(CodeIgniter\CodeIgniter))
 7 FCPATH\index.php(59): CodeIgniter\Boot::bootWeb(Object(Config\Paths))
 8 SYSTEMPATH\rewrite.php(44): require_once('J:\\My Drive\\mey\\ekskul\\public\\index.php')
CRITICAL - 2026-01-07 15:46:12 --> CodeIgniter\Database\Exceptions\DataException: Allowed fields must be specified for model: "App\Models\M_ekskul"
[Method: POST, Route: absensi/simpan]
in SYSTEMPATH\Model.php on line 819.
 1 SYSTEMPATH\Model.php(819): CodeIgniter\Database\Exceptions\DataException::forInvalidAllowedFields('App\\Models\\M_ekskul')
 2 SYSTEMPATH\BaseModel.php(819): CodeIgniter\Model->doProtectFieldsForInsert([...])
 3 SYSTEMPATH\Model.php(797): CodeIgniter\BaseModel->insert([...], true)
 4 APPPATH\Controllers\Absensi.php(47): CodeIgniter\Model->insert([...])
 5 SYSTEMPATH\CodeIgniter.php(933): App\Controllers\Absensi->simpan()
 6 SYSTEMPATH\CodeIgniter.php(507): CodeIgniter\CodeIgniter->runController(Object(App\Controllers\Absensi))
 7 SYSTEMPATH\CodeIgniter.php(354): CodeIgniter\CodeIgniter->handleRequest(null, Object(Config\Cache), false)
 8 SYSTEMPATH\Boot.php(363): CodeIgniter\CodeIgniter->run()
 9 SYSTEMPATH\Boot.php(68): CodeIgniter\Boot::runCodeIgniter(Object(CodeIgniter\CodeIgniter))
10 FCPATH\index.php(59): CodeIgniter\Boot::bootWeb(Object(Config\Paths))
11 SYSTEMPATH\rewrite.php(44): require_once('J:\\My Drive\\mey\\ekskul\\public\\index.php')
CRITICAL - 2026-01-07 16:16:05 --> ErrorException: Undefined variable $siswa
[Method: GET, Route: absensi]
in APPPATH\Views\absensi\absensi.php on line 102.
 1 APPPATH\Views\absensi\absensi.php(102): CodeIgniter\Debug\Exceptions->errorHandler(2, 'Undefined variable $siswa', 'J:\\My Drive\\mey\\ekskul\\app\\Views\\absensi\\absensi.php', 102)
 2 SYSTEMPATH\View\View.php(226): include('J:\\My Drive\\mey\\ekskul\\app\\Views\\absensi\\absensi.php')
 3 SYSTEMPATH\View\View.php(229): CodeIgniter\View\View->CodeIgniter\View\{closure}()
 4 SYSTEMPATH\Common.php(1199): CodeIgniter\View\View->render('/absensi/absensi', [], true)
 5 APPPATH\Controllers\Absensi.php(32): view('/absensi/absensi', [...])
 6 SYSTEMPATH\CodeIgniter.php(933): App\Controllers\Absensi->index()
 7 SYSTEMPATH\CodeIgniter.php(507): CodeIgniter\CodeIgniter->runController(Object(App\Controllers\Absensi))
 8 SYSTEMPATH\CodeIgniter.php(354): CodeIgniter\CodeIgniter->handleRequest(null, Object(Config\Cache), false)
 9 SYSTEMPATH\Boot.php(363): CodeIgniter\CodeIgniter->run()
10 SYSTEMPATH\Boot.php(68): CodeIgniter\Boot::runCodeIgniter(Object(CodeIgniter\CodeIgniter))
11 FCPATH\index.php(59): CodeIgniter\Boot::bootWeb(Object(Config\Paths))
12 SYSTEMPATH\rewrite.php(44): require_once('J:\\My Drive\\mey\\ekskul\\public\\index.php')
CRITICAL - 2026-01-07 16:17:11 --> ErrorException: Undefined variable $id_ekskul
[Method: GET, Route: absensi]
in APPPATH\Controllers\Absensi.php on line 34.
 1 APPPATH\Controllers\Absensi.php(34): CodeIgniter\Debug\Exceptions->errorHandler(2, 'Undefined variable $id_ekskul', 'J:\\My Drive\\mey\\ekskul\\app\\Controllers\\Absensi.php', 34)
 2 SYSTEMPATH\CodeIgniter.php(933): App\Controllers\Absensi->index()
 3 SYSTEMPATH\CodeIgniter.php(507): CodeIgniter\CodeIgniter->runController(Object(App\Controllers\Absensi))
 4 SYSTEMPATH\CodeIgniter.php(354): CodeIgniter\CodeIgniter->handleRequest(null, Object(Config\Cache), false)
 5 SYSTEMPATH\Boot.php(363): CodeIgniter\CodeIgniter->run()
 6 SYSTEMPATH\Boot.php(68): CodeIgniter\Boot::runCodeIgniter(Object(CodeIgniter\CodeIgniter))
 7 FCPATH\index.php(59): CodeIgniter\Boot::bootWeb(Object(Config\Paths))
 8 SYSTEMPATH\rewrite.php(44): require_once('J:\\My Drive\\mey\\ekskul\\public\\index.php')
ERROR - 2026-01-07 16:22:08 --> mysqli_sql_exception: Unknown column 'p.id_ekskul' in 'where clause' in J:\My Drive\mey\ekskul\system\Database\MySQLi\Connection.php:327
Stack trace:
#0 J:\My Drive\mey\ekskul\system\Database\MySQLi\Connection.php(327): mysqli->query('SELECT *\nFROM `...', 0)
#1 J:\My Drive\mey\ekskul\system\Database\BaseConnection.php(729): CodeIgniter\Database\MySQLi\Connection->execute('SELECT *\nFROM `...')
#2 J:\My Drive\mey\ekskul\system\Database\BaseConnection.php(646): CodeIgniter\Database\BaseConnection->simpleQuery('SELECT *\nFROM `...')
#3 J:\My Drive\mey\ekskul\system\Database\BaseBuilder.php(1649): CodeIgniter\Database\BaseConnection->query('SELECT *\nFROM `...', Array, false)
#4 J:\My Drive\mey\ekskul\app\Controllers\Absensi.php(80): CodeIgniter\Database\BaseBuilder->get()
#5 J:\My Drive\mey\ekskul\system\CodeIgniter.php(933): App\Controllers\Absensi->siswa('1')
#6 J:\My Drive\mey\ekskul\system\CodeIgniter.php(507): CodeIgniter\CodeIgniter->runController(Object(App\Controllers\Absensi))
#7 J:\My Drive\mey\ekskul\system\CodeIgniter.php(354): CodeIgniter\CodeIgniter->handleRequest(NULL, Object(Config\Cache), false)
#8 J:\My Drive\mey\ekskul\system\Boot.php(363): CodeIgniter\CodeIgniter->run()
#9 J:\My Drive\mey\ekskul\system\Boot.php(68): CodeIgniter\Boot::runCodeIgniter(Object(CodeIgniter\CodeIgniter))
#10 J:\My Drive\mey\ekskul\public\index.php(59): CodeIgniter\Boot::bootWeb(Object(Config\Paths))
#11 J:\My Drive\mey\ekskul\system\rewrite.php(44): require_once('J:\\My Drive\\mey...')
#12 {main}
CRITICAL - 2026-01-07 16:22:08 --> CodeIgniter\Database\Exceptions\DatabaseException: Unknown column 'p.id_ekskul' in 'where clause'
[Method: GET, Route: absensi/siswa/1]
in SYSTEMPATH\Database\BaseConnection.php on line 684.
 1 SYSTEMPATH\Database\BaseBuilder.php(1649): CodeIgniter\Database\BaseConnection->query('SELECT *
FROM `pendaftaran` `p`
JOIN `siswa` `s` ON `s`.`id_siswa` = `p`.`id_siswa`
WHERE `p`.`id_ekskul` = :p.id_ekskul:', [...], false)
 2 APPPATH\Controllers\Absensi.php(80): CodeIgniter\Database\BaseBuilder->get()
 3 SYSTEMPATH\CodeIgniter.php(933): App\Controllers\Absensi->siswa('1')
 4 SYSTEMPATH\CodeIgniter.php(507): CodeIgniter\CodeIgniter->runController(Object(App\Controllers\Absensi))
 5 SYSTEMPATH\CodeIgniter.php(354): CodeIgniter\CodeIgniter->handleRequest(null, Object(Config\Cache), false)
 6 SYSTEMPATH\Boot.php(363): CodeIgniter\CodeIgniter->run()
 7 SYSTEMPATH\Boot.php(68): CodeIgniter\Boot::runCodeIgniter(Object(CodeIgniter\CodeIgniter))
 8 FCPATH\index.php(59): CodeIgniter\Boot::bootWeb(Object(Config\Paths))
 9 SYSTEMPATH\rewrite.php(44): require_once('J:\\My Drive\\mey\\ekskul\\public\\index.php')
CRITICAL - 2026-01-07 16:22:08 --> [Caused by] CodeIgniter\Database\Exceptions\DatabaseException: Unknown column 'p.id_ekskul' in 'where clause'
in SYSTEMPATH\Database\MySQLi\Connection.php on line 332.
 1 SYSTEMPATH\Database\BaseConnection.php(729): CodeIgniter\Database\MySQLi\Connection->execute('SELECT *
FROM `pendaftaran` `p`
JOIN `siswa` `s` ON `s`.`id_siswa` = `p`.`id_siswa`
WHERE `p`.`id_ekskul` = \'1\'')
 2 SYSTEMPATH\Database\BaseConnection.php(646): CodeIgniter\Database\BaseConnection->simpleQuery('SELECT *
FROM `pendaftaran` `p`
JOIN `siswa` `s` ON `s`.`id_siswa` = `p`.`id_siswa`
WHERE `p`.`id_ekskul` = \'1\'')
 3 SYSTEMPATH\Database\BaseBuilder.php(1649): CodeIgniter\Database\BaseConnection->query('SELECT *
FROM `pendaftaran` `p`
JOIN `siswa` `s` ON `s`.`id_siswa` = `p`.`id_siswa`
WHERE `p`.`id_ekskul` = :p.id_ekskul:', [...], false)
 4 APPPATH\Controllers\Absensi.php(80): CodeIgniter\Database\BaseBuilder->get()
 5 SYSTEMPATH\CodeIgniter.php(933): App\Controllers\Absensi->siswa('1')
 6 SYSTEMPATH\CodeIgniter.php(507): CodeIgniter\CodeIgniter->runController(Object(App\Controllers\Absensi))
 7 SYSTEMPATH\CodeIgniter.php(354): CodeIgniter\CodeIgniter->handleRequest(null, Object(Config\Cache), false)
 8 SYSTEMPATH\Boot.php(363): CodeIgniter\CodeIgniter->run()
 9 SYSTEMPATH\Boot.php(68): CodeIgniter\Boot::runCodeIgniter(Object(CodeIgniter\CodeIgniter))
10 FCPATH\index.php(59): CodeIgniter\Boot::bootWeb(Object(Config\Paths))
11 SYSTEMPATH\rewrite.php(44): require_once('J:\\My Drive\\mey\\ekskul\\public\\index.php')
CRITICAL - 2026-01-07 16:22:08 --> [Caused by] mysqli_sql_exception: Unknown column 'p.id_ekskul' in 'where clause'
in SYSTEMPATH\Database\MySQLi\Connection.php on line 327.
 1 SYSTEMPATH\Database\MySQLi\Connection.php(327): mysqli->query('SELECT *
FROM `pendaftaran` `p`
JOIN `siswa` `s` ON `s`.`id_siswa` = `p`.`id_siswa`
WHERE `p`.`id_ekskul` = \'1\'', 0)
 2 SYSTEMPATH\Database\BaseConnection.php(729): CodeIgniter\Database\MySQLi\Connection->execute('SELECT *
FROM `pendaftaran` `p`
JOIN `siswa` `s` ON `s`.`id_siswa` = `p`.`id_siswa`
WHERE `p`.`id_ekskul` = \'1\'')
 3 SYSTEMPATH\Database\BaseConnection.php(646): CodeIgniter\Database\BaseConnection->simpleQuery('SELECT *
FROM `pendaftaran` `p`
JOIN `siswa` `s` ON `s`.`id_siswa` = `p`.`id_siswa`
WHERE `p`.`id_ekskul` = \'1\'')
 4 SYSTEMPATH\Database\BaseBuilder.php(1649): CodeIgniter\Database\BaseConnection->query('SELECT *
FROM `pendaftaran` `p`
JOIN `siswa` `s` ON `s`.`id_siswa` = `p`.`id_siswa`
WHERE `p`.`id_ekskul` = :p.id_ekskul:', [...], false)
 5 APPPATH\Controllers\Absensi.php(80): CodeIgniter\Database\BaseBuilder->get()
 6 SYSTEMPATH\CodeIgniter.php(933): App\Controllers\Absensi->siswa('1')
 7 SYSTEMPATH\CodeIgniter.php(507): CodeIgniter\CodeIgniter->runController(Object(App\Controllers\Absensi))
 8 SYSTEMPATH\CodeIgniter.php(354): CodeIgniter\CodeIgniter->handleRequest(null, Object(Config\Cache), false)
 9 SYSTEMPATH\Boot.php(363): CodeIgniter\CodeIgniter->run()
10 SYSTEMPATH\Boot.php(68): CodeIgniter\Boot::runCodeIgniter(Object(CodeIgniter\CodeIgniter))
11 FCPATH\index.php(59): CodeIgniter\Boot::bootWeb(Object(Config\Paths))
12 SYSTEMPATH\rewrite.php(44): require_once('J:\\My Drive\\mey\\ekskul\\public\\index.php')
CRITICAL - 2026-01-07 16:23:38 --> ErrorException: Undefined property: stdClass::$nama
[Method: GET, Route: absensi/siswa/1]
in APPPATH\Views\absensi\list_siswa.php on line 3.
 1 APPPATH\Views\absensi\list_siswa.php(3): CodeIgniter\Debug\Exceptions->errorHandler(2, 'Undefined property: stdClass::$nama', 'J:\\My Drive\\mey\\ekskul\\app\\Views\\absensi\\list_siswa.php', 3)
 2 SYSTEMPATH\View\View.php(226): include('J:\\My Drive\\mey\\ekskul\\app\\Views\\absensi\\list_siswa.php')
 3 SYSTEMPATH\View\View.php(229): CodeIgniter\View\View->CodeIgniter\View\{closure}()
 4 SYSTEMPATH\Common.php(1199): CodeIgniter\View\View->render('absensi/list_siswa', [], true)
 5 APPPATH\Controllers\Absensi.php(84): view('absensi/list_siswa', [...])
 6 SYSTEMPATH\CodeIgniter.php(933): App\Controllers\Absensi->siswa('1')
 7 SYSTEMPATH\CodeIgniter.php(507): CodeIgniter\CodeIgniter->runController(Object(App\Controllers\Absensi))
 8 SYSTEMPATH\CodeIgniter.php(354): CodeIgniter\CodeIgniter->handleRequest(null, Object(Config\Cache), false)
 9 SYSTEMPATH\Boot.php(363): CodeIgniter\CodeIgniter->run()
10 SYSTEMPATH\Boot.php(68): CodeIgniter\Boot::runCodeIgniter(Object(CodeIgniter\CodeIgniter))
11 FCPATH\index.php(59): CodeIgniter\Boot::bootWeb(Object(Config\Paths))
12 SYSTEMPATH\rewrite.php(44): require_once('J:\\My Drive\\mey\\ekskul\\public\\index.php')
ERROR - 2026-01-07 17:27:14 --> mysqli_sql_exception: Unknown column 's.nama_siswa' in 'field list' in J:\My Drive\mey\ekskul\system\Database\MySQLi\Connection.php:327
Stack trace:
#0 J:\My Drive\mey\ekskul\system\Database\MySQLi\Connection.php(327): mysqli->query('SELECT `p`.`id_...', 0)
#1 J:\My Drive\mey\ekskul\system\Database\BaseConnection.php(729): CodeIgniter\Database\MySQLi\Connection->execute('SELECT `p`.`id_...')
#2 J:\My Drive\mey\ekskul\system\Database\BaseConnection.php(646): CodeIgniter\Database\BaseConnection->simpleQuery('SELECT `p`.`id_...')
#3 J:\My Drive\mey\ekskul\system\Database\BaseBuilder.php(1649): CodeIgniter\Database\BaseConnection->query('SELECT `p`.`id_...', Array, false)
#4 J:\My Drive\mey\ekskul\app\Controllers\NIlai.php(70): CodeIgniter\Database\BaseBuilder->get()
#5 J:\My Drive\mey\ekskul\system\CodeIgniter.php(933): App\Controllers\Nilai->list('1')
#6 J:\My Drive\mey\ekskul\system\CodeIgniter.php(507): CodeIgniter\CodeIgniter->runController(Object(App\Controllers\Nilai))
#7 J:\My Drive\mey\ekskul\system\CodeIgniter.php(354): CodeIgniter\CodeIgniter->handleRequest(NULL, Object(Config\Cache), false)
#8 J:\My Drive\mey\ekskul\system\Boot.php(363): CodeIgniter\CodeIgniter->run()
#9 J:\My Drive\mey\ekskul\system\Boot.php(68): CodeIgniter\Boot::runCodeIgniter(Object(CodeIgniter\CodeIgniter))
#10 J:\My Drive\mey\ekskul\public\index.php(59): CodeIgniter\Boot::bootWeb(Object(Config\Paths))
#11 J:\My Drive\mey\ekskul\system\rewrite.php(44): require_once('J:\\My Drive\\mey...')
#12 {main}
CRITICAL - 2026-01-07 17:27:14 --> CodeIgniter\Database\Exceptions\DatabaseException: Unknown column 's.nama_siswa' in 'field list'
[Method: GET, Route: nilai/list/1]
in SYSTEMPATH\Database\BaseConnection.php on line 684.
 1 SYSTEMPATH\Database\BaseBuilder.php(1649): CodeIgniter\Database\BaseConnection->query('SELECT `p`.`id_pendaftaran`, `s`.`nama_siswa`, IFNULL(n.nilai, "-") as nilai
FROM `pendaftaran` `p`
JOIN `siswa` `s` ON `s`.`id_siswa` = `p`.`id_siswa`
LEFT JOIN `nilai` `n` ON `n`.`id_pendaftaran` = `p`.`id_pendaftaran`
WHERE `p`.`id_ekskul` = :p.id_ekskul:', [...], false)
 2 APPPATH\Controllers\NIlai.php(70): CodeIgniter\Database\BaseBuilder->get()
 3 SYSTEMPATH\CodeIgniter.php(933): App\Controllers\Nilai->list('1')
 4 SYSTEMPATH\CodeIgniter.php(507): CodeIgniter\CodeIgniter->runController(Object(App\Controllers\Nilai))
 5 SYSTEMPATH\CodeIgniter.php(354): CodeIgniter\CodeIgniter->handleRequest(null, Object(Config\Cache), false)
 6 SYSTEMPATH\Boot.php(363): CodeIgniter\CodeIgniter->run()
 7 SYSTEMPATH\Boot.php(68): CodeIgniter\Boot::runCodeIgniter(Object(CodeIgniter\CodeIgniter))
 8 FCPATH\index.php(59): CodeIgniter\Boot::bootWeb(Object(Config\Paths))
 9 SYSTEMPATH\rewrite.php(44): require_once('J:\\My Drive\\mey\\ekskul\\public\\index.php')
CRITICAL - 2026-01-07 17:27:14 --> [Caused by] CodeIgniter\Database\Exceptions\DatabaseException: Unknown column 's.nama_siswa' in 'field list'
in SYSTEMPATH\Database\MySQLi\Connection.php on line 332.
 1 SYSTEMPATH\Database\BaseConnection.php(729): CodeIgniter\Database\MySQLi\Connection->execute('SELECT `p`.`id_pendaftaran`, `s`.`nama_siswa`, IFNULL(n.nilai, "-") as nilai
FROM `pendaftaran` `p`
JOIN `siswa` `s` ON `s`.`id_siswa` = `p`.`id_siswa`
LEFT JOIN `nilai` `n` ON `n`.`id_pendaftaran` = `p`.`id_pendaftaran`
WHERE `p`.`id_ekskul` = \'1\'')
 2 SYSTEMPATH\Database\BaseConnection.php(646): CodeIgniter\Database\BaseConnection->simpleQuery('SELECT `p`.`id_pendaftaran`, `s`.`nama_siswa`, IFNULL(n.nilai, "-") as nilai
FROM `pendaftaran` `p`
JOIN `siswa` `s` ON `s`.`id_siswa` = `p`.`id_siswa`
LEFT JOIN `nilai` `n` ON `n`.`id_pendaftaran` = `p`.`id_pendaftaran`
WHERE `p`.`id_ekskul` = \'1\'')
 3 SYSTEMPATH\Database\BaseBuilder.php(1649): CodeIgniter\Database\BaseConnection->query('SELECT `p`.`id_pendaftaran`, `s`.`nama_siswa`, IFNULL(n.nilai, "-") as nilai
FROM `pendaftaran` `p`
JOIN `siswa` `s` ON `s`.`id_siswa` = `p`.`id_siswa`
LEFT JOIN `nilai` `n` ON `n`.`id_pendaftaran` = `p`.`id_pendaftaran`
WHERE `p`.`id_ekskul` = :p.id_ekskul:', [...], false)
 4 APPPATH\Controllers\NIlai.php(70): CodeIgniter\Database\BaseBuilder->get()
 5 SYSTEMPATH\CodeIgniter.php(933): App\Controllers\Nilai->list('1')
 6 SYSTEMPATH\CodeIgniter.php(507): CodeIgniter\CodeIgniter->runController(Object(App\Controllers\Nilai))
 7 SYSTEMPATH\CodeIgniter.php(354): CodeIgniter\CodeIgniter->handleRequest(null, Object(Config\Cache), false)
 8 SYSTEMPATH\Boot.php(363): CodeIgniter\CodeIgniter->run()
 9 SYSTEMPATH\Boot.php(68): CodeIgniter\Boot::runCodeIgniter(Object(CodeIgniter\CodeIgniter))
10 FCPATH\index.php(59): CodeIgniter\Boot::bootWeb(Object(Config\Paths))
11 SYSTEMPATH\rewrite.php(44): require_once('J:\\My Drive\\mey\\ekskul\\public\\index.php')
CRITICAL - 2026-01-07 17:27:14 --> [Caused by] mysqli_sql_exception: Unknown column 's.nama_siswa' in 'field list'
in SYSTEMPATH\Database\MySQLi\Connection.php on line 327.
 1 SYSTEMPATH\Database\MySQLi\Connection.php(327): mysqli->query('SELECT `p`.`id_pendaftaran`, `s`.`nama_siswa`, IFNULL(n.nilai, "-") as nilai
FROM `pendaftaran` `p`
JOIN `siswa` `s` ON `s`.`id_siswa` = `p`.`id_siswa`
LEFT JOIN `nilai` `n` ON `n`.`id_pendaftaran` = `p`.`id_pendaftaran`
WHERE `p`.`id_ekskul` = \'1\'', 0)
 2 SYSTEMPATH\Database\BaseConnection.php(729): CodeIgniter\Database\MySQLi\Connection->execute('SELECT `p`.`id_pendaftaran`, `s`.`nama_siswa`, IFNULL(n.nilai, "-") as nilai
FROM `pendaftaran` `p`
JOIN `siswa` `s` ON `s`.`id_siswa` = `p`.`id_siswa`
LEFT JOIN `nilai` `n` ON `n`.`id_pendaftaran` = `p`.`id_pendaftaran`
WHERE `p`.`id_ekskul` = \'1\'')
 3 SYSTEMPATH\Database\BaseConnection.php(646): CodeIgniter\Database\BaseConnection->simpleQuery('SELECT `p`.`id_pendaftaran`, `s`.`nama_siswa`, IFNULL(n.nilai, "-") as nilai
FROM `pendaftaran` `p`
JOIN `siswa` `s` ON `s`.`id_siswa` = `p`.`id_siswa`
LEFT JOIN `nilai` `n` ON `n`.`id_pendaftaran` = `p`.`id_pendaftaran`
WHERE `p`.`id_ekskul` = \'1\'')
 4 SYSTEMPATH\Database\BaseBuilder.php(1649): CodeIgniter\Database\BaseConnection->query('SELECT `p`.`id_pendaftaran`, `s`.`nama_siswa`, IFNULL(n.nilai, "-") as nilai
FROM `pendaftaran` `p`
JOIN `siswa` `s` ON `s`.`id_siswa` = `p`.`id_siswa`
LEFT JOIN `nilai` `n` ON `n`.`id_pendaftaran` = `p`.`id_pendaftaran`
WHERE `p`.`id_ekskul` = :p.id_ekskul:', [...], false)
 5 APPPATH\Controllers\NIlai.php(70): CodeIgniter\Database\BaseBuilder->get()
 6 SYSTEMPATH\CodeIgniter.php(933): App\Controllers\Nilai->list('1')
 7 SYSTEMPATH\CodeIgniter.php(507): CodeIgniter\CodeIgniter->runController(Object(App\Controllers\Nilai))
 8 SYSTEMPATH\CodeIgniter.php(354): CodeIgniter\CodeIgniter->handleRequest(null, Object(Config\Cache), false)
 9 SYSTEMPATH\Boot.php(363): CodeIgniter\CodeIgniter->run()
10 SYSTEMPATH\Boot.php(68): CodeIgniter\Boot::runCodeIgniter(Object(CodeIgniter\CodeIgniter))
11 FCPATH\index.php(59): CodeIgniter\Boot::bootWeb(Object(Config\Paths))
12 SYSTEMPATH\rewrite.php(44): require_once('J:\\My Drive\\mey\\ekskul\\public\\index.php')
ERROR - 2026-01-07 17:27:16 --> mysqli_sql_exception: Unknown column 's.nama_siswa' in 'field list' in J:\My Drive\mey\ekskul\system\Database\MySQLi\Connection.php:327
Stack trace:
#0 J:\My Drive\mey\ekskul\system\Database\MySQLi\Connection.php(327): mysqli->query('SELECT `p`.`id_...', 0)
#1 J:\My Drive\mey\ekskul\system\Database\BaseConnection.php(729): CodeIgniter\Database\MySQLi\Connection->execute('SELECT `p`.`id_...')
#2 J:\My Drive\mey\ekskul\system\Database\BaseConnection.php(646): CodeIgniter\Database\BaseConnection->simpleQuery('SELECT `p`.`id_...')
#3 J:\My Drive\mey\ekskul\system\Database\BaseBuilder.php(1649): CodeIgniter\Database\BaseConnection->query('SELECT `p`.`id_...', Array, false)
#4 J:\My Drive\mey\ekskul\app\Controllers\NIlai.php(70): CodeIgniter\Database\BaseBuilder->get()
#5 J:\My Drive\mey\ekskul\system\CodeIgniter.php(933): App\Controllers\Nilai->list('2')
#6 J:\My Drive\mey\ekskul\system\CodeIgniter.php(507): CodeIgniter\CodeIgniter->runController(Object(App\Controllers\Nilai))
#7 J:\My Drive\mey\ekskul\system\CodeIgniter.php(354): CodeIgniter\CodeIgniter->handleRequest(NULL, Object(Config\Cache), false)
#8 J:\My Drive\mey\ekskul\system\Boot.php(363): CodeIgniter\CodeIgniter->run()
#9 J:\My Drive\mey\ekskul\system\Boot.php(68): CodeIgniter\Boot::runCodeIgniter(Object(CodeIgniter\CodeIgniter))
#10 J:\My Drive\mey\ekskul\public\index.php(59): CodeIgniter\Boot::bootWeb(Object(Config\Paths))
#11 J:\My Drive\mey\ekskul\system\rewrite.php(44): require_once('J:\\My Drive\\mey...')
#12 {main}
CRITICAL - 2026-01-07 17:27:16 --> CodeIgniter\Database\Exceptions\DatabaseException: Unknown column 's.nama_siswa' in 'field list'
[Method: GET, Route: nilai/list/2]
in SYSTEMPATH\Database\BaseConnection.php on line 684.
 1 SYSTEMPATH\Database\BaseBuilder.php(1649): CodeIgniter\Database\BaseConnection->query('SELECT `p`.`id_pendaftaran`, `s`.`nama_siswa`, IFNULL(n.nilai, "-") as nilai
FROM `pendaftaran` `p`
JOIN `siswa` `s` ON `s`.`id_siswa` = `p`.`id_siswa`
LEFT JOIN `nilai` `n` ON `n`.`id_pendaftaran` = `p`.`id_pendaftaran`
WHERE `p`.`id_ekskul` = :p.id_ekskul:', [...], false)
 2 APPPATH\Controllers\NIlai.php(70): CodeIgniter\Database\BaseBuilder->get()
 3 SYSTEMPATH\CodeIgniter.php(933): App\Controllers\Nilai->list('2')
 4 SYSTEMPATH\CodeIgniter.php(507): CodeIgniter\CodeIgniter->runController(Object(App\Controllers\Nilai))
 5 SYSTEMPATH\CodeIgniter.php(354): CodeIgniter\CodeIgniter->handleRequest(null, Object(Config\Cache), false)
 6 SYSTEMPATH\Boot.php(363): CodeIgniter\CodeIgniter->run()
 7 SYSTEMPATH\Boot.php(68): CodeIgniter\Boot::runCodeIgniter(Object(CodeIgniter\CodeIgniter))
 8 FCPATH\index.php(59): CodeIgniter\Boot::bootWeb(Object(Config\Paths))
 9 SYSTEMPATH\rewrite.php(44): require_once('J:\\My Drive\\mey\\ekskul\\public\\index.php')
CRITICAL - 2026-01-07 17:27:16 --> [Caused by] CodeIgniter\Database\Exceptions\DatabaseException: Unknown column 's.nama_siswa' in 'field list'
in SYSTEMPATH\Database\MySQLi\Connection.php on line 332.
 1 SYSTEMPATH\Database\BaseConnection.php(729): CodeIgniter\Database\MySQLi\Connection->execute('SELECT `p`.`id_pendaftaran`, `s`.`nama_siswa`, IFNULL(n.nilai, "-") as nilai
FROM `pendaftaran` `p`
JOIN `siswa` `s` ON `s`.`id_siswa` = `p`.`id_siswa`
LEFT JOIN `nilai` `n` ON `n`.`id_pendaftaran` = `p`.`id_pendaftaran`
WHERE `p`.`id_ekskul` = \'2\'')
 2 SYSTEMPATH\Database\BaseConnection.php(646): CodeIgniter\Database\BaseConnection->simpleQuery('SELECT `p`.`id_pendaftaran`, `s`.`nama_siswa`, IFNULL(n.nilai, "-") as nilai
FROM `pendaftaran` `p`
JOIN `siswa` `s` ON `s`.`id_siswa` = `p`.`id_siswa`
LEFT JOIN `nilai` `n` ON `n`.`id_pendaftaran` = `p`.`id_pendaftaran`
WHERE `p`.`id_ekskul` = \'2\'')
 3 SYSTEMPATH\Database\BaseBuilder.php(1649): CodeIgniter\Database\BaseConnection->query('SELECT `p`.`id_pendaftaran`, `s`.`nama_siswa`, IFNULL(n.nilai, "-") as nilai
FROM `pendaftaran` `p`
JOIN `siswa` `s` ON `s`.`id_siswa` = `p`.`id_siswa`
LEFT JOIN `nilai` `n` ON `n`.`id_pendaftaran` = `p`.`id_pendaftaran`
WHERE `p`.`id_ekskul` = :p.id_ekskul:', [...], false)
 4 APPPATH\Controllers\NIlai.php(70): CodeIgniter\Database\BaseBuilder->get()
 5 SYSTEMPATH\CodeIgniter.php(933): App\Controllers\Nilai->list('2')
 6 SYSTEMPATH\CodeIgniter.php(507): CodeIgniter\CodeIgniter->runController(Object(App\Controllers\Nilai))
 7 SYSTEMPATH\CodeIgniter.php(354): CodeIgniter\CodeIgniter->handleRequest(null, Object(Config\Cache), false)
 8 SYSTEMPATH\Boot.php(363): CodeIgniter\CodeIgniter->run()
 9 SYSTEMPATH\Boot.php(68): CodeIgniter\Boot::runCodeIgniter(Object(CodeIgniter\CodeIgniter))
10 FCPATH\index.php(59): CodeIgniter\Boot::bootWeb(Object(Config\Paths))
11 SYSTEMPATH\rewrite.php(44): require_once('J:\\My Drive\\mey\\ekskul\\public\\index.php')
CRITICAL - 2026-01-07 17:27:16 --> [Caused by] mysqli_sql_exception: Unknown column 's.nama_siswa' in 'field list'
in SYSTEMPATH\Database\MySQLi\Connection.php on line 327.
 1 SYSTEMPATH\Database\MySQLi\Connection.php(327): mysqli->query('SELECT `p`.`id_pendaftaran`, `s`.`nama_siswa`, IFNULL(n.nilai, "-") as nilai
FROM `pendaftaran` `p`
JOIN `siswa` `s` ON `s`.`id_siswa` = `p`.`id_siswa`
LEFT JOIN `nilai` `n` ON `n`.`id_pendaftaran` = `p`.`id_pendaftaran`
WHERE `p`.`id_ekskul` = \'2\'', 0)
 2 SYSTEMPATH\Database\BaseConnection.php(729): CodeIgniter\Database\MySQLi\Connection->execute('SELECT `p`.`id_pendaftaran`, `s`.`nama_siswa`, IFNULL(n.nilai, "-") as nilai
FROM `pendaftaran` `p`
JOIN `siswa` `s` ON `s`.`id_siswa` = `p`.`id_siswa`
LEFT JOIN `nilai` `n` ON `n`.`id_pendaftaran` = `p`.`id_pendaftaran`
WHERE `p`.`id_ekskul` = \'2\'')
 3 SYSTEMPATH\Database\BaseConnection.php(646): CodeIgniter\Database\BaseConnection->simpleQuery('SELECT `p`.`id_pendaftaran`, `s`.`nama_siswa`, IFNULL(n.nilai, "-") as nilai
FROM `pendaftaran` `p`
JOIN `siswa` `s` ON `s`.`id_siswa` = `p`.`id_siswa`
LEFT JOIN `nilai` `n` ON `n`.`id_pendaftaran` = `p`.`id_pendaftaran`
WHERE `p`.`id_ekskul` = \'2\'')
 4 SYSTEMPATH\Database\BaseBuilder.php(1649): CodeIgniter\Database\BaseConnection->query('SELECT `p`.`id_pendaftaran`, `s`.`nama_siswa`, IFNULL(n.nilai, "-") as nilai
FROM `pendaftaran` `p`
JOIN `siswa` `s` ON `s`.`id_siswa` = `p`.`id_siswa`
LEFT JOIN `nilai` `n` ON `n`.`id_pendaftaran` = `p`.`id_pendaftaran`
WHERE `p`.`id_ekskul` = :p.id_ekskul:', [...], false)
 5 APPPATH\Controllers\NIlai.php(70): CodeIgniter\Database\BaseBuilder->get()
 6 SYSTEMPATH\CodeIgniter.php(933): App\Controllers\Nilai->list('2')
 7 SYSTEMPATH\CodeIgniter.php(507): CodeIgniter\CodeIgniter->runController(Object(App\Controllers\Nilai))
 8 SYSTEMPATH\CodeIgniter.php(354): CodeIgniter\CodeIgniter->handleRequest(null, Object(Config\Cache), false)
 9 SYSTEMPATH\Boot.php(363): CodeIgniter\CodeIgniter->run()
10 SYSTEMPATH\Boot.php(68): CodeIgniter\Boot::runCodeIgniter(Object(CodeIgniter\CodeIgniter))
11 FCPATH\index.php(59): CodeIgniter\Boot::bootWeb(Object(Config\Paths))
12 SYSTEMPATH\rewrite.php(44): require_once('J:\\My Drive\\mey\\ekskul\\public\\index.php')
ERROR - 2026-01-07 17:27:21 --> mysqli_sql_exception: Unknown column 's.nama_siswa' in 'field list' in J:\My Drive\mey\ekskul\system\Database\MySQLi\Connection.php:327
Stack trace:
#0 J:\My Drive\mey\ekskul\system\Database\MySQLi\Connection.php(327): mysqli->query('SELECT `p`.`id_...', 0)
#1 J:\My Drive\mey\ekskul\system\Database\BaseConnection.php(729): CodeIgniter\Database\MySQLi\Connection->execute('SELECT `p`.`id_...')
#2 J:\My Drive\mey\ekskul\system\Database\BaseConnection.php(646): CodeIgniter\Database\BaseConnection->simpleQuery('SELECT `p`.`id_...')
#3 J:\My Drive\mey\ekskul\system\Database\BaseBuilder.php(1649): CodeIgniter\Database\BaseConnection->query('SELECT `p`.`id_...', Array, false)
#4 J:\My Drive\mey\ekskul\app\Controllers\NIlai.php(70): CodeIgniter\Database\BaseBuilder->get()
#5 J:\My Drive\mey\ekskul\system\CodeIgniter.php(933): App\Controllers\Nilai->list('1')
#6 J:\My Drive\mey\ekskul\system\CodeIgniter.php(507): CodeIgniter\CodeIgniter->runController(Object(App\Controllers\Nilai))
#7 J:\My Drive\mey\ekskul\system\CodeIgniter.php(354): CodeIgniter\CodeIgniter->handleRequest(NULL, Object(Config\Cache), false)
#8 J:\My Drive\mey\ekskul\system\Boot.php(363): CodeIgniter\CodeIgniter->run()
#9 J:\My Drive\mey\ekskul\system\Boot.php(68): CodeIgniter\Boot::runCodeIgniter(Object(CodeIgniter\CodeIgniter))
#10 J:\My Drive\mey\ekskul\public\index.php(59): CodeIgniter\Boot::bootWeb(Object(Config\Paths))
#11 J:\My Drive\mey\ekskul\system\rewrite.php(44): require_once('J:\\My Drive\\mey...')
#12 {main}
CRITICAL - 2026-01-07 17:27:21 --> CodeIgniter\Database\Exceptions\DatabaseException: Unknown column 's.nama_siswa' in 'field list'
[Method: GET, Route: nilai/list/1]
in SYSTEMPATH\Database\BaseConnection.php on line 684.
 1 SYSTEMPATH\Database\BaseBuilder.php(1649): CodeIgniter\Database\BaseConnection->query('SELECT `p`.`id_pendaftaran`, `s`.`nama_siswa`, IFNULL(n.nilai, "-") as nilai
FROM `pendaftaran` `p`
JOIN `siswa` `s` ON `s`.`id_siswa` = `p`.`id_siswa`
LEFT JOIN `nilai` `n` ON `n`.`id_pendaftaran` = `p`.`id_pendaftaran`
WHERE `p`.`id_ekskul` = :p.id_ekskul:', [...], false)
 2 APPPATH\Controllers\NIlai.php(70): CodeIgniter\Database\BaseBuilder->get()
 3 SYSTEMPATH\CodeIgniter.php(933): App\Controllers\Nilai->list('1')
 4 SYSTEMPATH\CodeIgniter.php(507): CodeIgniter\CodeIgniter->runController(Object(App\Controllers\Nilai))
 5 SYSTEMPATH\CodeIgniter.php(354): CodeIgniter\CodeIgniter->handleRequest(null, Object(Config\Cache), false)
 6 SYSTEMPATH\Boot.php(363): CodeIgniter\CodeIgniter->run()
 7 SYSTEMPATH\Boot.php(68): CodeIgniter\Boot::runCodeIgniter(Object(CodeIgniter\CodeIgniter))
 8 FCPATH\index.php(59): CodeIgniter\Boot::bootWeb(Object(Config\Paths))
 9 SYSTEMPATH\rewrite.php(44): require_once('J:\\My Drive\\mey\\ekskul\\public\\index.php')
CRITICAL - 2026-01-07 17:27:21 --> [Caused by] CodeIgniter\Database\Exceptions\DatabaseException: Unknown column 's.nama_siswa' in 'field list'
in SYSTEMPATH\Database\MySQLi\Connection.php on line 332.
 1 SYSTEMPATH\Database\BaseConnection.php(729): CodeIgniter\Database\MySQLi\Connection->execute('SELECT `p`.`id_pendaftaran`, `s`.`nama_siswa`, IFNULL(n.nilai, "-") as nilai
FROM `pendaftaran` `p`
JOIN `siswa` `s` ON `s`.`id_siswa` = `p`.`id_siswa`
LEFT JOIN `nilai` `n` ON `n`.`id_pendaftaran` = `p`.`id_pendaftaran`
WHERE `p`.`id_ekskul` = \'1\'')
 2 SYSTEMPATH\Database\BaseConnection.php(646): CodeIgniter\Database\BaseConnection->simpleQuery('SELECT `p`.`id_pendaftaran`, `s`.`nama_siswa`, IFNULL(n.nilai, "-") as nilai
FROM `pendaftaran` `p`
JOIN `siswa` `s` ON `s`.`id_siswa` = `p`.`id_siswa`
LEFT JOIN `nilai` `n` ON `n`.`id_pendaftaran` = `p`.`id_pendaftaran`
WHERE `p`.`id_ekskul` = \'1\'')
 3 SYSTEMPATH\Database\BaseBuilder.php(1649): CodeIgniter\Database\BaseConnection->query('SELECT `p`.`id_pendaftaran`, `s`.`nama_siswa`, IFNULL(n.nilai, "-") as nilai
FROM `pendaftaran` `p`
JOIN `siswa` `s` ON `s`.`id_siswa` = `p`.`id_siswa`
LEFT JOIN `nilai` `n` ON `n`.`id_pendaftaran` = `p`.`id_pendaftaran`
WHERE `p`.`id_ekskul` = :p.id_ekskul:', [...], false)
 4 APPPATH\Controllers\NIlai.php(70): CodeIgniter\Database\BaseBuilder->get()
 5 SYSTEMPATH\CodeIgniter.php(933): App\Controllers\Nilai->list('1')
 6 SYSTEMPATH\CodeIgniter.php(507): CodeIgniter\CodeIgniter->runController(Object(App\Controllers\Nilai))
 7 SYSTEMPATH\CodeIgniter.php(354): CodeIgniter\CodeIgniter->handleRequest(null, Object(Config\Cache), false)
 8 SYSTEMPATH\Boot.php(363): CodeIgniter\CodeIgniter->run()
 9 SYSTEMPATH\Boot.php(68): CodeIgniter\Boot::runCodeIgniter(Object(CodeIgniter\CodeIgniter))
10 FCPATH\index.php(59): CodeIgniter\Boot::bootWeb(Object(Config\Paths))
11 SYSTEMPATH\rewrite.php(44): require_once('J:\\My Drive\\mey\\ekskul\\public\\index.php')
CRITICAL - 2026-01-07 17:27:21 --> [Caused by] mysqli_sql_exception: Unknown column 's.nama_siswa' in 'field list'
in SYSTEMPATH\Database\MySQLi\Connection.php on line 327.
 1 SYSTEMPATH\Database\MySQLi\Connection.php(327): mysqli->query('SELECT `p`.`id_pendaftaran`, `s`.`nama_siswa`, IFNULL(n.nilai, "-") as nilai
FROM `pendaftaran` `p`
JOIN `siswa` `s` ON `s`.`id_siswa` = `p`.`id_siswa`
LEFT JOIN `nilai` `n` ON `n`.`id_pendaftaran` = `p`.`id_pendaftaran`
WHERE `p`.`id_ekskul` = \'1\'', 0)
 2 SYSTEMPATH\Database\BaseConnection.php(729): CodeIgniter\Database\MySQLi\Connection->execute('SELECT `p`.`id_pendaftaran`, `s`.`nama_siswa`, IFNULL(n.nilai, "-") as nilai
FROM `pendaftaran` `p`
JOIN `siswa` `s` ON `s`.`id_siswa` = `p`.`id_siswa`
LEFT JOIN `nilai` `n` ON `n`.`id_pendaftaran` = `p`.`id_pendaftaran`
WHERE `p`.`id_ekskul` = \'1\'')
 3 SYSTEMPATH\Database\BaseConnection.php(646): CodeIgniter\Database\BaseConnection->simpleQuery('SELECT `p`.`id_pendaftaran`, `s`.`nama_siswa`, IFNULL(n.nilai, "-") as nilai
FROM `pendaftaran` `p`
JOIN `siswa` `s` ON `s`.`id_siswa` = `p`.`id_siswa`
LEFT JOIN `nilai` `n` ON `n`.`id_pendaftaran` = `p`.`id_pendaftaran`
WHERE `p`.`id_ekskul` = \'1\'')
 4 SYSTEMPATH\Database\BaseBuilder.php(1649): CodeIgniter\Database\BaseConnection->query('SELECT `p`.`id_pendaftaran`, `s`.`nama_siswa`, IFNULL(n.nilai, "-") as nilai
FROM `pendaftaran` `p`
JOIN `siswa` `s` ON `s`.`id_siswa` = `p`.`id_siswa`
LEFT JOIN `nilai` `n` ON `n`.`id_pendaftaran` = `p`.`id_pendaftaran`
WHERE `p`.`id_ekskul` = :p.id_ekskul:', [...], false)
 5 APPPATH\Controllers\NIlai.php(70): CodeIgniter\Database\BaseBuilder->get()
 6 SYSTEMPATH\CodeIgniter.php(933): App\Controllers\Nilai->list('1')
 7 SYSTEMPATH\CodeIgniter.php(507): CodeIgniter\CodeIgniter->runController(Object(App\Controllers\Nilai))
 8 SYSTEMPATH\CodeIgniter.php(354): CodeIgniter\CodeIgniter->handleRequest(null, Object(Config\Cache), false)
 9 SYSTEMPATH\Boot.php(363): CodeIgniter\CodeIgniter->run()
10 SYSTEMPATH\Boot.php(68): CodeIgniter\Boot::runCodeIgniter(Object(CodeIgniter\CodeIgniter))
11 FCPATH\index.php(59): CodeIgniter\Boot::bootWeb(Object(Config\Paths))
12 SYSTEMPATH\rewrite.php(44): require_once('J:\\My Drive\\mey\\ekskul\\public\\index.php')
ERROR - 2026-01-07 17:27:58 --> mysqli_sql_exception: Unknown column 'p.id_ekskul' in 'where clause' in J:\My Drive\mey\ekskul\system\Database\MySQLi\Connection.php:327
Stack trace:
#0 J:\My Drive\mey\ekskul\system\Database\MySQLi\Connection.php(327): mysqli->query('SELECT `p`.`id_...', 0)
#1 J:\My Drive\mey\ekskul\system\Database\BaseConnection.php(729): CodeIgniter\Database\MySQLi\Connection->execute('SELECT `p`.`id_...')
#2 J:\My Drive\mey\ekskul\system\Database\BaseConnection.php(646): CodeIgniter\Database\BaseConnection->simpleQuery('SELECT `p`.`id_...')
#3 J:\My Drive\mey\ekskul\system\Database\BaseBuilder.php(1649): CodeIgniter\Database\BaseConnection->query('SELECT `p`.`id_...', Array, false)
#4 J:\My Drive\mey\ekskul\app\Controllers\NIlai.php(71): CodeIgniter\Database\BaseBuilder->get()
#5 J:\My Drive\mey\ekskul\system\CodeIgniter.php(933): App\Controllers\Nilai->list('1')
#6 J:\My Drive\mey\ekskul\system\CodeIgniter.php(507): CodeIgniter\CodeIgniter->runController(Object(App\Controllers\Nilai))
#7 J:\My Drive\mey\ekskul\system\CodeIgniter.php(354): CodeIgniter\CodeIgniter->handleRequest(NULL, Object(Config\Cache), false)
#8 J:\My Drive\mey\ekskul\system\Boot.php(363): CodeIgniter\CodeIgniter->run()
#9 J:\My Drive\mey\ekskul\system\Boot.php(68): CodeIgniter\Boot::runCodeIgniter(Object(CodeIgniter\CodeIgniter))
#10 J:\My Drive\mey\ekskul\public\index.php(59): CodeIgniter\Boot::bootWeb(Object(Config\Paths))
#11 J:\My Drive\mey\ekskul\system\rewrite.php(44): require_once('J:\\My Drive\\mey...')
#12 {main}
CRITICAL - 2026-01-07 17:27:58 --> CodeIgniter\Database\Exceptions\DatabaseException: Unknown column 'p.id_ekskul' in 'where clause'
[Method: GET, Route: nilai/list/1]
in SYSTEMPATH\Database\BaseConnection.php on line 684.
 1 SYSTEMPATH\Database\BaseBuilder.php(1649): CodeIgniter\Database\BaseConnection->query('SELECT `p`.`id_pendaftaran`, `u`.`nama`, IFNULL(n.nilai, "-") as nilai
FROM `pendaftaran` `p`
JOIN `siswa` `s` ON `s`.`id_siswa` = `p`.`id_siswa`
JOIN `user` `u` ON `s`.`id_user`=`u`.`id_user`
LEFT JOIN `nilai` `n` ON `n`.`id_pendaftaran` = `p`.`id_pendaftaran`
WHERE `p`.`id_ekskul` = :p.id_ekskul:', [...], false)
 2 APPPATH\Controllers\NIlai.php(71): CodeIgniter\Database\BaseBuilder->get()
 3 SYSTEMPATH\CodeIgniter.php(933): App\Controllers\Nilai->list('1')
 4 SYSTEMPATH\CodeIgniter.php(507): CodeIgniter\CodeIgniter->runController(Object(App\Controllers\Nilai))
 5 SYSTEMPATH\CodeIgniter.php(354): CodeIgniter\CodeIgniter->handleRequest(null, Object(Config\Cache), false)
 6 SYSTEMPATH\Boot.php(363): CodeIgniter\CodeIgniter->run()
 7 SYSTEMPATH\Boot.php(68): CodeIgniter\Boot::runCodeIgniter(Object(CodeIgniter\CodeIgniter))
 8 FCPATH\index.php(59): CodeIgniter\Boot::bootWeb(Object(Config\Paths))
 9 SYSTEMPATH\rewrite.php(44): require_once('J:\\My Drive\\mey\\ekskul\\public\\index.php')
CRITICAL - 2026-01-07 17:27:58 --> [Caused by] CodeIgniter\Database\Exceptions\DatabaseException: Unknown column 'p.id_ekskul' in 'where clause'
in SYSTEMPATH\Database\MySQLi\Connection.php on line 332.
 1 SYSTEMPATH\Database\BaseConnection.php(729): CodeIgniter\Database\MySQLi\Connection->execute('SELECT `p`.`id_pendaftaran`, `u`.`nama`, IFNULL(n.nilai, "-") as nilai
FROM `pendaftaran` `p`
JOIN `siswa` `s` ON `s`.`id_siswa` = `p`.`id_siswa`
JOIN `user` `u` ON `s`.`id_user`=`u`.`id_user`
LEFT JOIN `nilai` `n` ON `n`.`id_pendaftaran` = `p`.`id_pendaftaran`
WHERE `p`.`id_ekskul` = \'1\'')
 2 SYSTEMPATH\Database\BaseConnection.php(646): CodeIgniter\Database\BaseConnection->simpleQuery('SELECT `p`.`id_pendaftaran`, `u`.`nama`, IFNULL(n.nilai, "-") as nilai
FROM `pendaftaran` `p`
JOIN `siswa` `s` ON `s`.`id_siswa` = `p`.`id_siswa`
JOIN `user` `u` ON `s`.`id_user`=`u`.`id_user`
LEFT JOIN `nilai` `n` ON `n`.`id_pendaftaran` = `p`.`id_pendaftaran`
WHERE `p`.`id_ekskul` = \'1\'')
 3 SYSTEMPATH\Database\BaseBuilder.php(1649): CodeIgniter\Database\BaseConnection->query('SELECT `p`.`id_pendaftaran`, `u`.`nama`, IFNULL(n.nilai, "-") as nilai
FROM `pendaftaran` `p`
JOIN `siswa` `s` ON `s`.`id_siswa` = `p`.`id_siswa`
JOIN `user` `u` ON `s`.`id_user`=`u`.`id_user`
LEFT JOIN `nilai` `n` ON `n`.`id_pendaftaran` = `p`.`id_pendaftaran`
WHERE `p`.`id_ekskul` = :p.id_ekskul:', [...], false)
 4 APPPATH\Controllers\NIlai.php(71): CodeIgniter\Database\BaseBuilder->get()
 5 SYSTEMPATH\CodeIgniter.php(933): App\Controllers\Nilai->list('1')
 6 SYSTEMPATH\CodeIgniter.php(507): CodeIgniter\CodeIgniter->runController(Object(App\Controllers\Nilai))
 7 SYSTEMPATH\CodeIgniter.php(354): CodeIgniter\CodeIgniter->handleRequest(null, Object(Config\Cache), false)
 8 SYSTEMPATH\Boot.php(363): CodeIgniter\CodeIgniter->run()
 9 SYSTEMPATH\Boot.php(68): CodeIgniter\Boot::runCodeIgniter(Object(CodeIgniter\CodeIgniter))
10 FCPATH\index.php(59): CodeIgniter\Boot::bootWeb(Object(Config\Paths))
11 SYSTEMPATH\rewrite.php(44): require_once('J:\\My Drive\\mey\\ekskul\\public\\index.php')
CRITICAL - 2026-01-07 17:27:58 --> [Caused by] mysqli_sql_exception: Unknown column 'p.id_ekskul' in 'where clause'
in SYSTEMPATH\Database\MySQLi\Connection.php on line 327.
 1 SYSTEMPATH\Database\MySQLi\Connection.php(327): mysqli->query('SELECT `p`.`id_pendaftaran`, `u`.`nama`, IFNULL(n.nilai, "-") as nilai
FROM `pendaftaran` `p`
JOIN `siswa` `s` ON `s`.`id_siswa` = `p`.`id_siswa`
JOIN `user` `u` ON `s`.`id_user`=`u`.`id_user`
LEFT JOIN `nilai` `n` ON `n`.`id_pendaftaran` = `p`.`id_pendaftaran`
WHERE `p`.`id_ekskul` = \'1\'', 0)
 2 SYSTEMPATH\Database\BaseConnection.php(729): CodeIgniter\Database\MySQLi\Connection->execute('SELECT `p`.`id_pendaftaran`, `u`.`nama`, IFNULL(n.nilai, "-") as nilai
FROM `pendaftaran` `p`
JOIN `siswa` `s` ON `s`.`id_siswa` = `p`.`id_siswa`
JOIN `user` `u` ON `s`.`id_user`=`u`.`id_user`
LEFT JOIN `nilai` `n` ON `n`.`id_pendaftaran` = `p`.`id_pendaftaran`
WHERE `p`.`id_ekskul` = \'1\'')
 3 SYSTEMPATH\Database\BaseConnection.php(646): CodeIgniter\Database\BaseConnection->simpleQuery('SELECT `p`.`id_pendaftaran`, `u`.`nama`, IFNULL(n.nilai, "-") as nilai
FROM `pendaftaran` `p`
JOIN `siswa` `s` ON `s`.`id_siswa` = `p`.`id_siswa`
JOIN `user` `u` ON `s`.`id_user`=`u`.`id_user`
LEFT JOIN `nilai` `n` ON `n`.`id_pendaftaran` = `p`.`id_pendaftaran`
WHERE `p`.`id_ekskul` = \'1\'')
 4 SYSTEMPATH\Database\BaseBuilder.php(1649): CodeIgniter\Database\BaseConnection->query('SELECT `p`.`id_pendaftaran`, `u`.`nama`, IFNULL(n.nilai, "-") as nilai
FROM `pendaftaran` `p`
JOIN `siswa` `s` ON `s`.`id_siswa` = `p`.`id_siswa`
JOIN `user` `u` ON `s`.`id_user`=`u`.`id_user`
LEFT JOIN `nilai` `n` ON `n`.`id_pendaftaran` = `p`.`id_pendaftaran`
WHERE `p`.`id_ekskul` = :p.id_ekskul:', [...], false)
 5 APPPATH\Controllers\NIlai.php(71): CodeIgniter\Database\BaseBuilder->get()
 6 SYSTEMPATH\CodeIgniter.php(933): App\Controllers\Nilai->list('1')
 7 SYSTEMPATH\CodeIgniter.php(507): CodeIgniter\CodeIgniter->runController(Object(App\Controllers\Nilai))
 8 SYSTEMPATH\CodeIgniter.php(354): CodeIgniter\CodeIgniter->handleRequest(null, Object(Config\Cache), false)
 9 SYSTEMPATH\Boot.php(363): CodeIgniter\CodeIgniter->run()
10 SYSTEMPATH\Boot.php(68): CodeIgniter\Boot::runCodeIgniter(Object(CodeIgniter\CodeIgniter))
11 FCPATH\index.php(59): CodeIgniter\Boot::bootWeb(Object(Config\Paths))
12 SYSTEMPATH\rewrite.php(44): require_once('J:\\My Drive\\mey\\ekskul\\public\\index.php')
CRITICAL - 2026-01-07 17:29:29 --> ErrorException: Undefined property: stdClass::$nama_siswa
[Method: GET, Route: nilai/list/1]
in APPPATH\Views\nilai\list.php on line 9.
 1 APPPATH\Views\nilai\list.php(9): CodeIgniter\Debug\Exceptions->errorHandler(2, 'Undefined property: stdClass::$nama_siswa', 'J:\\My Drive\\mey\\ekskul\\app\\Views\\nilai\\list.php', 9)
 2 SYSTEMPATH\View\View.php(226): include('J:\\My Drive\\mey\\ekskul\\app\\Views\\nilai\\list.php')
 3 SYSTEMPATH\View\View.php(229): CodeIgniter\View\View->CodeIgniter\View\{closure}()
 4 SYSTEMPATH\Common.php(1199): CodeIgniter\View\View->render('nilai/list', [], true)
 5 APPPATH\Controllers\NIlai.php(75): view('nilai/list', [...])
 6 SYSTEMPATH\CodeIgniter.php(933): App\Controllers\Nilai->list('1')
 7 SYSTEMPATH\CodeIgniter.php(507): CodeIgniter\CodeIgniter->runController(Object(App\Controllers\Nilai))
 8 SYSTEMPATH\CodeIgniter.php(354): CodeIgniter\CodeIgniter->handleRequest(null, Object(Config\Cache), false)
 9 SYSTEMPATH\Boot.php(363): CodeIgniter\CodeIgniter->run()
10 SYSTEMPATH\Boot.php(68): CodeIgniter\Boot::runCodeIgniter(Object(CodeIgniter\CodeIgniter))
11 FCPATH\index.php(59): CodeIgniter\Boot::bootWeb(Object(Config\Paths))
12 SYSTEMPATH\rewrite.php(44): require_once('J:\\My Drive\\mey\\ekskul\\public\\index.php')
ERROR - 2026-01-07 17:45:09 --> mysqli_sql_exception: Unknown column 'p.id_ekskul' in 'on clause' in J:\My Drive\mey\ekskul\system\Database\MySQLi\Connection.php:327
Stack trace:
#0 J:\My Drive\mey\ekskul\system\Database\MySQLi\Connection.php(327): mysqli->query('SELECT `u`.`nam...', 0)
#1 J:\My Drive\mey\ekskul\system\Database\BaseConnection.php(729): CodeIgniter\Database\MySQLi\Connection->execute('SELECT `u`.`nam...')
#2 J:\My Drive\mey\ekskul\system\Database\BaseConnection.php(646): CodeIgniter\Database\BaseConnection->simpleQuery('SELECT `u`.`nam...')
#3 J:\My Drive\mey\ekskul\system\Database\BaseBuilder.php(1649): CodeIgniter\Database\BaseConnection->query('SELECT `u`.`nam...', Array, false)
#4 J:\My Drive\mey\ekskul\app\Controllers\NIlai.php(102): CodeIgniter\Database\BaseBuilder->get()
#5 J:\My Drive\mey\ekskul\system\CodeIgniter.php(933): App\Controllers\Nilai->pdf('1')
#6 J:\My Drive\mey\ekskul\system\CodeIgniter.php(507): CodeIgniter\CodeIgniter->runController(Object(App\Controllers\Nilai))
#7 J:\My Drive\mey\ekskul\system\CodeIgniter.php(354): CodeIgniter\CodeIgniter->handleRequest(NULL, Object(Config\Cache), false)
#8 J:\My Drive\mey\ekskul\system\Boot.php(363): CodeIgniter\CodeIgniter->run()
#9 J:\My Drive\mey\ekskul\system\Boot.php(68): CodeIgniter\Boot::runCodeIgniter(Object(CodeIgniter\CodeIgniter))
#10 J:\My Drive\mey\ekskul\public\index.php(59): CodeIgniter\Boot::bootWeb(Object(Config\Paths))
#11 J:\My Drive\mey\ekskul\system\rewrite.php(44): require_once('J:\\My Drive\\mey...')
#12 {main}
CRITICAL - 2026-01-07 17:45:09 --> CodeIgniter\Database\Exceptions\DatabaseException: Unknown column 'p.id_ekskul' in 'on clause'
[Method: GET, Route: nilai/cetak/1]
in SYSTEMPATH\Database\BaseConnection.php on line 684.
 1 SYSTEMPATH\Database\BaseBuilder.php(1649): CodeIgniter\Database\BaseConnection->query('SELECT `u`.`nama`, `e`.`nama_ekskul`, `n`.`nilai`
FROM `nilai` `n`
JOIN `pendaftaran` `p` ON `p`.`id_pendaftaran` = `n`.`id_pendaftaran`
JOIN `siswa` `s` ON `s`.`id_siswa` = `p`.`id_siswa`
JOIN `user` `u` ON `s`.`id_user`=`u`.`id_user`
JOIN `ekskul` `e` ON `e`.`id_ekskul` = `p`.`id_ekskul`
WHERE `e`.`id_ekskul` = :e.id_ekskul:', [...], false)
 2 APPPATH\Controllers\NIlai.php(102): CodeIgniter\Database\BaseBuilder->get()
 3 SYSTEMPATH\CodeIgniter.php(933): App\Controllers\Nilai->pdf('1')
 4 SYSTEMPATH\CodeIgniter.php(507): CodeIgniter\CodeIgniter->runController(Object(App\Controllers\Nilai))
 5 SYSTEMPATH\CodeIgniter.php(354): CodeIgniter\CodeIgniter->handleRequest(null, Object(Config\Cache), false)
 6 SYSTEMPATH\Boot.php(363): CodeIgniter\CodeIgniter->run()
 7 SYSTEMPATH\Boot.php(68): CodeIgniter\Boot::runCodeIgniter(Object(CodeIgniter\CodeIgniter))
 8 FCPATH\index.php(59): CodeIgniter\Boot::bootWeb(Object(Config\Paths))
 9 SYSTEMPATH\rewrite.php(44): require_once('J:\\My Drive\\mey\\ekskul\\public\\index.php')
CRITICAL - 2026-01-07 17:45:09 --> [Caused by] CodeIgniter\Database\Exceptions\DatabaseException: Unknown column 'p.id_ekskul' in 'on clause'
in SYSTEMPATH\Database\MySQLi\Connection.php on line 332.
 1 SYSTEMPATH\Database\BaseConnection.php(729): CodeIgniter\Database\MySQLi\Connection->execute('SELECT `u`.`nama`, `e`.`nama_ekskul`, `n`.`nilai`
FROM `nilai` `n`
JOIN `pendaftaran` `p` ON `p`.`id_pendaftaran` = `n`.`id_pendaftaran`
JOIN `siswa` `s` ON `s`.`id_siswa` = `p`.`id_siswa`
JOIN `user` `u` ON `s`.`id_user`=`u`.`id_user`
JOIN `ekskul` `e` ON `e`.`id_ekskul` = `p`.`id_ekskul`
WHERE `e`.`id_ekskul` = \'1\'')
 2 SYSTEMPATH\Database\BaseConnection.php(646): CodeIgniter\Database\BaseConnection->simpleQuery('SELECT `u`.`nama`, `e`.`nama_ekskul`, `n`.`nilai`
FROM `nilai` `n`
JOIN `pendaftaran` `p` ON `p`.`id_pendaftaran` = `n`.`id_pendaftaran`
JOIN `siswa` `s` ON `s`.`id_siswa` = `p`.`id_siswa`
JOIN `user` `u` ON `s`.`id_user`=`u`.`id_user`
JOIN `ekskul` `e` ON `e`.`id_ekskul` = `p`.`id_ekskul`
WHERE `e`.`id_ekskul` = \'1\'')
 3 SYSTEMPATH\Database\BaseBuilder.php(1649): CodeIgniter\Database\BaseConnection->query('SELECT `u`.`nama`, `e`.`nama_ekskul`, `n`.`nilai`
FROM `nilai` `n`
JOIN `pendaftaran` `p` ON `p`.`id_pendaftaran` = `n`.`id_pendaftaran`
JOIN `siswa` `s` ON `s`.`id_siswa` = `p`.`id_siswa`
JOIN `user` `u` ON `s`.`id_user`=`u`.`id_user`
JOIN `ekskul` `e` ON `e`.`id_ekskul` = `p`.`id_ekskul`
WHERE `e`.`id_ekskul` = :e.id_ekskul:', [...], false)
 4 APPPATH\Controllers\NIlai.php(102): CodeIgniter\Database\BaseBuilder->get()
 5 SYSTEMPATH\CodeIgniter.php(933): App\Controllers\Nilai->pdf('1')
 6 SYSTEMPATH\CodeIgniter.php(507): CodeIgniter\CodeIgniter->runController(Object(App\Controllers\Nilai))
 7 SYSTEMPATH\CodeIgniter.php(354): CodeIgniter\CodeIgniter->handleRequest(null, Object(Config\Cache), false)
 8 SYSTEMPATH\Boot.php(363): CodeIgniter\CodeIgniter->run()
 9 SYSTEMPATH\Boot.php(68): CodeIgniter\Boot::runCodeIgniter(Object(CodeIgniter\CodeIgniter))
10 FCPATH\index.php(59): CodeIgniter\Boot::bootWeb(Object(Config\Paths))
11 SYSTEMPATH\rewrite.php(44): require_once('J:\\My Drive\\mey\\ekskul\\public\\index.php')
CRITICAL - 2026-01-07 17:45:09 --> [Caused by] mysqli_sql_exception: Unknown column 'p.id_ekskul' in 'on clause'
in SYSTEMPATH\Database\MySQLi\Connection.php on line 327.
 1 SYSTEMPATH\Database\MySQLi\Connection.php(327): mysqli->query('SELECT `u`.`nama`, `e`.`nama_ekskul`, `n`.`nilai`
FROM `nilai` `n`
JOIN `pendaftaran` `p` ON `p`.`id_pendaftaran` = `n`.`id_pendaftaran`
JOIN `siswa` `s` ON `s`.`id_siswa` = `p`.`id_siswa`
JOIN `user` `u` ON `s`.`id_user`=`u`.`id_user`
JOIN `ekskul` `e` ON `e`.`id_ekskul` = `p`.`id_ekskul`
WHERE `e`.`id_ekskul` = \'1\'', 0)
 2 SYSTEMPATH\Database\BaseConnection.php(729): CodeIgniter\Database\MySQLi\Connection->execute('SELECT `u`.`nama`, `e`.`nama_ekskul`, `n`.`nilai`
FROM `nilai` `n`
JOIN `pendaftaran` `p` ON `p`.`id_pendaftaran` = `n`.`id_pendaftaran`
JOIN `siswa` `s` ON `s`.`id_siswa` = `p`.`id_siswa`
JOIN `user` `u` ON `s`.`id_user`=`u`.`id_user`
JOIN `ekskul` `e` ON `e`.`id_ekskul` = `p`.`id_ekskul`
WHERE `e`.`id_ekskul` = \'1\'')
 3 SYSTEMPATH\Database\BaseConnection.php(646): CodeIgniter\Database\BaseConnection->simpleQuery('SELECT `u`.`nama`, `e`.`nama_ekskul`, `n`.`nilai`
FROM `nilai` `n`
JOIN `pendaftaran` `p` ON `p`.`id_pendaftaran` = `n`.`id_pendaftaran`
JOIN `siswa` `s` ON `s`.`id_siswa` = `p`.`id_siswa`
JOIN `user` `u` ON `s`.`id_user`=`u`.`id_user`
JOIN `ekskul` `e` ON `e`.`id_ekskul` = `p`.`id_ekskul`
WHERE `e`.`id_ekskul` = \'1\'')
 4 SYSTEMPATH\Database\BaseBuilder.php(1649): CodeIgniter\Database\BaseConnection->query('SELECT `u`.`nama`, `e`.`nama_ekskul`, `n`.`nilai`
FROM `nilai` `n`
JOIN `pendaftaran` `p` ON `p`.`id_pendaftaran` = `n`.`id_pendaftaran`
JOIN `siswa` `s` ON `s`.`id_siswa` = `p`.`id_siswa`
JOIN `user` `u` ON `s`.`id_user`=`u`.`id_user`
JOIN `ekskul` `e` ON `e`.`id_ekskul` = `p`.`id_ekskul`
WHERE `e`.`id_ekskul` = :e.id_ekskul:', [...], false)
 5 APPPATH\Controllers\NIlai.php(102): CodeIgniter\Database\BaseBuilder->get()
 6 SYSTEMPATH\CodeIgniter.php(933): App\Controllers\Nilai->pdf('1')
 7 SYSTEMPATH\CodeIgniter.php(507): CodeIgniter\CodeIgniter->runController(Object(App\Controllers\Nilai))
 8 SYSTEMPATH\CodeIgniter.php(354): CodeIgniter\CodeIgniter->handleRequest(null, Object(Config\Cache), false)
 9 SYSTEMPATH\Boot.php(363): CodeIgniter\CodeIgniter->run()
10 SYSTEMPATH\Boot.php(68): CodeIgniter\Boot::runCodeIgniter(Object(CodeIgniter\CodeIgniter))
11 FCPATH\index.php(59): CodeIgniter\Boot::bootWeb(Object(Config\Paths))
12 SYSTEMPATH\rewrite.php(44): require_once('J:\\My Drive\\mey\\ekskul\\public\\index.php')
